Levi Cunha,Brazil,2001,AM,1.82,70.92,América Mineiro,14,24,8
Wellington Mello,Brazil,1998,AM,1.81,74.27,América Mineiro,31,29,25
Bru Reis,Brazil,2006,AM,1.95,77.44,América Mineiro,43,4
Manuel Licurgo,Brazil,1991,RM,1.64,82.28,América Mineiro,36,17,14
Cezar Valão,Brazil,2005,RM,1.74,65.58,América Mineiro,20,35,11
Felipi Burca,Brazil,1997,RM,1.63,74.24,América Mineiro,15,27,5
Wilson Araujo,Brazil,2001,LM,1.72,88.67,América Mineiro,41,59,31
Giuliano Farid,Brazil,1989,LM,1.84,68.29,América Mineiro,20,38,15
Darley Leitão,Brazil,1991,LM,1.74,72.11,América Mineiro,44,19,33
Luan Inacio,Brazil,1995,SS,1.67,74.53,América Mineiro,32,59,10
Tito Correa,Brazil,2002,SS,1.65,77.38,América Mineiro,3455,34
Yago Rios,Brazil,1999,SS,1.75,71.6,América Mineiro,23,33,9
Johnny Farid,Brazil,2003,WG,1.84,83.25,América Mineiro,1925,19
Marcão da Cruz,Brazil,1996,WG,1.54,67.39,América Mineiro,23,16,7
Bill Monteiro,Brazil,2005,WG,1.92,80.73,América Mineiro,35,31,26
Tales Falcao,Brazil,2004,CF,1.83,73.4,América Mineiro,44,39,19
Wando dos Santos,Brazil,2003,CF,1.83,76.93,América Mineiro,10,4,1
Diego Livio,Brazil,2005,CF,1.76,82.97,América Mineiro,55,10,16
Luiz Manoel Nogueira,Brazil,1999,AM,1.88,80.84,Athletico Paranaense,32,41,13
Guto Natura,Brazil,2001,AM,1.58,65.96,Athletico Paranaense,42,19,10
Yorran Teles,Brazil,1990,AM,1.77,77.24,Athletico Paranaense,48,65,24
Bill Farid,Brazil,1991,RM,1.83,76.33,Athletico Paranaense,56,32,13
Maurilio Alvez,Brazil,1991,RM,1.81,68.0,Athletico Paranaense,7,11,0
Guto Melila,Brazil,2004,RM,1.74,73.83,Athletico Paranaense,12,8,10
Luiz Manoel Garcia,Brazil,1989,LM,1.75,68.75,Athletico Paranaense,12,20,11
João Pedro Cella,Brazil,1991,LM,1.83,78.95,Athletico Paranaense,23,22,6
Caco Alencar,Brazil,1996,LM,1.86,71.86,Athletico Paranaense,53,62,44
Francisco Cazares,Brazil,1995,SS,1.8,80.79,Athletico Paranaense,39,54,2
Francimar Mica,Brazil,2003,SS,1.76,81.83,Athletico Paranaense,43,40,37
George Buarque,Brazil,1997,SS,1.55,76.82,Athletico Paranaense,11,2,8
Nathan Livio,Brazil,2003,WG,1.76,64.54,Athletico Paranaense,59,68,18
Aroldo Calegari,Brazil,2002,WG,1.86,86.13,Athletico Paranaense,56,9,33
Leandrinho Betin,Brazil,1990,WG,1.69,79.24,Athletico Paranaense,30,42,5
José Antônio Laranja,Brazil,1997,CF,1.66,65.46,Athletico Paranaense,23,25,10
Juliano Miranda,Brazil,2004,CF,1.9,65.36,Athletico Paranaense,48,64,27
João Gabriel Correa,Brazil,1993,CF,1.54,71.14,Athletico Paranaense,59,13,22
Felipi Alvarenga,Brazil,2000,AM,1.72,86.54,Atlético Mineiro,35,8,34
Daniel Assad,Brazil,1999,AM,1.67,67.59,Atlético Mineiro,26,52,15
Muriel Guimaraes,Brazil,2001,AM,1.68,70.4,Atlético Mineiro,20,2
Manoel Militão,Brazil,2005,RM,1.58,82.32,Atlético Mineiro,58,94,19
Francisco Neves,Brazil,2000,RM,1.72,78.01,Atlético Mineiro,48,14,8
Iago Soares,Brazil,1992,RM,1.87,72.96,Atlético Mineiro,7,2,3
Matias Barcelos,Brazil,1990,LM,1.56,84.68,Atlético Mineiro,46,67,33
Nivaldo Dias,Brazil,2003,LM,1.77,83.23,Atlético Mineiro,5475,54
Darley Nunes,Brazil,2002,LM,1.83,81.67,Atlético Mineiro,23,19,22
Caio Mosteiro,Brazil,2002,SS,1.72,64.46,Atlético Mineiro,60,12,48
Wando Veloso,Brazil,1989,SS,1.78,75.92,Atlético Mineiro,9,5,0
Cezar Paes,Brazil,1998,SS,1.86,79.7,Atlético Mineiro,49,95,17
Marcão Burca,Brazil,2001,WG,1.87,77.19,Atlético Mineiro,3,6,0
Mariano Gonçalves,Brazil,1998,WG,1.65,75.5,Atlético Mineiro,11,3,8
Jurandir Damião,Brazil,1991,WG,1.94,65.82,Atlético Mineiro,42,33,32
Carlos Alberto Livio,Brazil,1997,CF,1.69,70.66,Atlético Mineiro,14,1,10
Aracel Alboquerque,Brazil,1992,CF,1.9,67.5,Atlético Mineiro,23,0,5
Thiago Teles,Brazil,2005,CF,1.76,75.14,Atlético Mineiro,29,2,15
Klever de Castro,Brazil,1997,AM,1.64,79.69,Bahia,23,33,5
Danilo Neres,Brazil,1993,AM,1.72,70.87,Bahia,36,3
Dalcides Pereira,Brazil,2005,AM,1.6,83.32,Bahia,39,60,0
Rodriguinho Beltrão,Brazil,1997,RM,1.63,77.12,Bahia,58,5
Yohan Pereira,Brazil,1992,RM,1.76,66.75,Bahia,56,59,36
Felipe Matheus,Brazil,2005,RM,1.73,82.69,Bahia,12,13,1
Elizandro Valão,Brazil,1999,LM,1.66,77.85,Bahia,36,45,17
Juca Cazares,Brazil,1992,LM,1.64,68.84,Bahia,26,40,25
Icaro Soares,Brazil,1992,LM,1.72,75.65,Bahia,23,7,3
Watson Limeira,Brazil,2004,SS,1.81,68.53,Bahia,7,10,4
Julio Barcelos,Brazil,2005,SS,1.64,75.68,Bahia,31,7,0
Rodriguinho Natura,Brazil,1992,SS,1.84,69.68,Bahia,184,18
Italo Grilo,Brazil,1998,WG,1.78,80.81,Bahia,32,54,1
Carlos Alberto Cella,Brazil,1998,WG,1.79,74.93,Bahia,56,91,25
Danilo Lampião,Brazil,2005,WG,1.85,72.71,Bahia,57,51,53
Duda de Abreu,Brazil,1996,CF,1.63,83.64,Bahia,444
José Antônio Moura,Brazil,2001,CF,1.76,66.73,Bahia,34,56,1
Marquinho Barbosa,Brazil,2003,CF,1.67,68.96,Bahia,16,31,4
Pierre Fagundes,Brazil,1989,AM,1.62,79.53,Botafogo,5,6,0
Iago Bassols,Brazil,1998,AM,1.67,75.71,Botafogo,46,38,13
Duda Grilo,Brazil,1992,AM,1.75,78.98,Botafogo,23,12,13
Manoel Claro,Brazil,1992,RM,1.73,68.65,Botafogo,4,4,2
Conrado Betin,Brazil,2003,RM,1.91,75.53,Botafogo,52,97,51
Igor Miranda,Brazil,1993,RM,1.93,80.1,Botafogo,35,37,16
Gilmar Borges,Brazil,1993,LM,1.88,83.04,Botafogo,53,56,13
Leandrão Barata,Brazil,2001,LM,1.7,71.71,Botafogo,20,23,5
Gilvan Barbosa,Brazil,2001,LM,1.72,69.39,Botafogo,25,48,21
Nino Soares,Brazil,2005,SS,1.88,73.95,Botafogo,17,0,5
João Lucas Nazario,Brazil,2003,SS,1.69,70.83,Botafogo,55,14,23
Natan Mosquito,Brazil,2002,SS,1.81,77.16,Botafogo,6,9,0
Jurandir Aquila,Brazil,1992,WG,1.89,64.0,Botafogo,59,43,9
Enzo Nunes,Brazil,1996,WG,1.85,83.26,Botafogo,13,14,2
Fabio Lobo,Brazil,1999,WG,1.71,76.96,Botafogo,2,3,1
Victor Mota,Brazil,2005,CF,1.59,82.14,Botafogo,28,39,6
Arnaldo Teixeira,Brazil,1992,CF,1.75,84.5,Botafogo,50,44,41
Paulo Cezar Moreno,Brazil,1998,CF,1.81,70.57,Botafogo,111
Giovani Costa,Brazil,1989,AM,1.54,74.07,Corinthians,0,0,0
Natan Rocha,Brazil,2006,AM,1.75,64.05,Corinthians,21,6,0
Watson Mosquito,Brazil,2005,AM,1.77,80.08,Corinthians,25,48,24
Julinho Lila,Brazil,2000,RM,1.72,67.8,Corinthians,55,89,35
Theo Mica,Brazil,2006,RM,1.94,79.76,Corinthians,47,74,44
Adalberto Varanda,Brazil,1996,RM,1.7,77.19,Corinthians,40,35,20
Estavão Roxo,Brazil,1989,LM,1.57,78.97,Corinthians,7,5,0
Klever Reis,Brazil,2006,LM,1.79,80.77,Corinthians,29,42,18
Bento Fuzão,Brazil,1991,LM,1.72,78.2,Corinthians,18,8,10
Vitão Veles,Brazil,1989,SS,1.64,73.5,Corinthians,12,16,8
Felix Roussef,Brazil,1989,SS,1.75,76.29,Corinthians,28,2,9
Icaro Alencar,Brazil,1996,SS,1.75,79.07,Corinthians,23,2
Nuno Magno,Brazil,1989,WG,1.95,69.62,Corinthians,18,26,1
Leandro Neves,Brazil,1992,WG,1.58,71.26,Corinthians,55,7,54
Duco Poeta,Brazil,2003,WG,1.61,64.88,Corinthians,57,5
Dinei Claro,Brazil,1995,CF,1.72,79.15,Corinthians,24,40,1
Igor Lampião,Brazil,2005,CF,1.77,73.4,Corinthians,18,17,2
Cezar Lysandro,Brazil,1994,CF,1.68,69.93,Corinthians,24,27,14
Joao Pedro Miranda,Brazil,2005,AM,1.68,71.1,Coritiba,27,51,20
Dalcides Mendes,Brazil,2000,AM,1.88,71.93,Coritiba,25,16,0
Ian Limeira,Brazil,1998,AM,1.83,61.22,Coritiba,22,36,5
Marquinho Cazares,Brazil,1989,RM,1.6,74.41,Coritiba,33,29,6
Ricardo Silva,Brazil,1999,RM,1.76,78.22,Coritiba,41,8,27
Heitor Fernandes,Brazil,2002,RM,1.8,82.67,Coritiba,39,24,10
Maurilio Claro,Brazil,1990,LM,1.68,71.3,Coritiba,37,28,29
Catatau Oliveira,Brazil,1995,LM,1.83,67.14,Coritiba,37,37,20
Breno Borges,Brazil,1991,LM,1.56,67.24,Coritiba,10,33
Luan Buarque,Brazil,1999,SS,1.71,72.26,Coritiba,11,13,3
Matheus Bassols,Brazil,1996,SS,1.86,86.32,Coritiba,12,1
Almir Valão,Brazil,1993,SS,1.77,69.27,Coritiba,7,14,1
Henry Alencar,Brazil,1999,WG,1.76,72.02,Coritiba,1,2,0
Luan Mota,Brazil,2002,WG,1.9,71.7,Coritiba,1315,13
Eliberto Menezes,Brazil,1993,WG,1.83,77.33,Coritiba,18,30,16
Luiz Manoel Mico,Brazil,2004,CF,1.78,73.43,Coritiba,27,43,0
Lucian Dias,Brazil,2000,CF,1.64,74.52,Coritiba,48,40,13
Elivaldo Menezes,Brazil,2004,CF,1.84,66.92,Coritiba,24,35,23
Duco da Costa,Brazil,1994,AM,1.8,72.63,Cruzeiro,15,22,11
Thiago Vieira,Brazil,1999,AM,1.87,76.5,Cruzeiro,35,62,30
Marcelo Barcelo,Brazil,1994,AM,1.91,69.74,Cruzeiro,19,32,6
Nelson Muniz,Brazil,1991,RM,1.69,82.79,Cruzeiro,16,27,7
Gabu Crespo,Brazil,1996,RM,1.68,64.46,Cruzeiro,40,17,16
Andrey Matheus,Brazil,1996,RM,1.58,77.16,Cruzeiro,6,4,2
Antonio Lysandro,Brazil,2004,LM,1.73,68.55,Cruzeiro,1016,10
Paulo Viana,Brazil,2003,LM,1.73,70.83,Cruzeiro,53,33,42
Wilson Celso,Brazil,1989,LM,1.54,84.2,Cruzeiro,510,5
Fefito de Camargo,Brazil,2006,SS,1.7,74.48,Cruzeiro,6,0,1
Savio Pacheco,Brazil,2004,SS,1.72,79.86,Cruzeiro,6,6,0
Iago Varanda,Brazil,1989,SS,1.92,79.42,Cruzeiro,14,22,5
Ricardo Natura,Brazil,1993,WG,1.62,82.46,Cruzeiro,50,82,6
Carlos Teles,Brazil,1995,WG,1.69,76.87,Cruzeiro,44,65,1
Durval Rainha,Brazil,2000,WG,1.57,61.71,Cruzeiro,46,83,29
Nelson Beltrão,Brazil,2004,CF,1.76,62.7,Cruzeiro,20,37,3
Nino Barreto,Brazil,2000,CF,1.93,68.39,Cruzeiro,20,27,7
Sandrinho Valadares,Brazil,1992,CF,1.83,74.53,Cruzeiro,36,47,8
Luis Carvalho,Brazil,1993,AM,1.68,80.02,Cuiabá,34,63,11
Paulo Cezar Dias,Brazil,1999,AM,1.68,81.99,Cuiabá,42,19,3
Luiz Matheus Barbosa,Brazil,1998,AM,1.7,65.95,Cuiabá,9,17,8
Estavão Burca,Brazil,1996,RM,1.57,83.26,Cuiabá,11,17,1
Natan Menezes,Brazil,1997,RM,1.68,79.73,Cuiabá,11,11
Edivaldo Correia,Brazil,1991,RM,1.89,77.25,Cuiabá,26,12,17
Almir Carvalho,Brazil,1993,LM,1.69,84.78,Cuiabá,42,76,24
Fabio Arouca,Brazil,1999,LM,1.76,78.13,Cuiabá,23,3,15
Gilvan de Camargo,Brazil,2003,LM,1.58,71.71,Cuiabá,16,19,8
Fabiano Soares,Brazil,2004,SS,1.67,74.2,Cuiabá,30,7,11
Savarino Aquila,Brazil,2006,SS,1.9,76.97,Cuiabá,53,67,29
Wando Farid,Brazil,1995,SS,1.8,69.23,Cuiabá,39,56,13
Igor Santos,Brazil,1989,WG,1.93,78.44,Cuiabá,42,22,34
Calebe da Cruz,Brazil,1997,WG,1.85,82.5,Cuiabá,27,40,3
Waguininho Arouca,Brazil,2001,WG,1.64,79.44,Cuiabá,25,10,20
Luis Nascimento,Brazil,2001,CF,1.73,74.05,Cuiabá,58,71,3
Elivaldo Barcelo,Brazil,1999,CF,1.67,67.74,Cuiabá,3,6,2
Pedro Camargo,Brazil,2006,CF,1.72,73.61,Cuiabá,12,5,4
Nataniel Pera,Brazil,1989,AM,1.72,65.3,Flamengo,27,10,18
Ronaldinho Melila,Brazil,2006,AM,1.85,76.83,Flamengo,21,6,13
Raizinho Azevedo,Brazil,2005,AM,1.74,70.81,Flamengo,1,1,0
Samuca Araujo,Brazil,1991,RM,1.83,72.42,Flamengo,27,7,14
Adalto Arouca,Brazil,1989,RM,1.88,71.99,Flamengo,19,11,12
Gilmar Mello,Brazil,2002,RM,1.81,65.37,Flamengo,11,77
Mauro Alvez,Brazil,2004,LM,1.83,77.49,Flamengo,2644,26
Patrick Calegari,Brazil,1996,LM,1.74,78.65,Flamengo,21,13,19
Wando Lysandro,Brazil,1990,LM,1.89,70.99,Flamengo,26,9,24
Mauro Gonçalves,Brazil,1990,SS,1.61,74.41,Flamengo,53,21,46
Almir Correia,Brazil,2000,SS,1.82,76.95,Flamengo,60,85,8
Paulo Cezar Barreto,Brazil,2006,SS,1.85,70.91,Flamengo,10,4,0
Henry Silvestre,Brazil,1989,WG,1.65,74.76,Flamengo,108,10
Sandro de Camargo,Brazil,2003,WG,1.82,70.03,Flamengo,60,58,12
Cauan da Silva,Brazil,1991,WG,1.77,68.01,Flamengo,30,17,20
Bru Neto,Brazil,2002,CF,1.79,66.84,Flamengo,59,113,27
Romilton Eler,Brazil,1997,CF,1.75,81.58,Flamengo,39,14,1
Lito Barcelar,Brazil,1992,CF,1.62,75.71,Flamengo,3,4,2
Conrado Monteiro,Brazil,2006,AM,1.72,73.34,Fluminense,49,68,16
Germano Cruz,Brazil,1993,AM,1.64,67.94,Fluminense,54,31,30
Tales Grilo,Brazil,2006,AM,1.95,82.9,Fluminense,56,68,37
Arnaldo Pera,Brazil,1994,RM,1.82,73.94,Fluminense,27,41,0
Diogo Valerio,Brazil,1996,RM,1.71,71.66,Fluminense,32,61,8
Gustavo Alcantara,Brazil,1992,RM,1.8,78.78,Fluminense,55,1,24
Marlon Cella,Brazil,1997,LM,1.65,76.36,Fluminense,51,76,47
Almir Celso,Brazil,2005,LM,1.73,80.47,Fluminense,3,6,2
Vinicius Ribas,Brazil,2004,LM,1.62,63.43,Fluminense,53,22,10
Raizinho de Camargo,Brazil,2000,SS,1.88,82.61,Fluminense,54,34,46
Mariano Celso,Brazil,1991,SS,1.73,75.77,Fluminense,21,21,15
Fefito de Paula,Brazil,1999,SS,1.82,76.87,Fluminense,59,57,7
Vanderson Roxo,Brazil,2005,WG,1.82,80.78,Fluminense,54,67,25
Evandro Mosquito,Brazil,1990,WG,1.82,72.38,Fluminense,40,4
Danilo Nara,Brazil,1998,WG,1.65,74.88,Fluminense,47,80,3
Rafael Veron,Brazil,2005,CF,1.81,82.05,Fluminense,55,107,29
Luiz Lobo,Brazil,1992,CF,1.58,69.31,Fluminense,37,44,11
Vinicius Bartolo,Brazil,1996,CF,1.65,68.57,Fluminense,59,78,39
Oswaldo Magno,Brazil,2005,AM,1.68,86.97,Fortaleza,32,5,15
Henrique Natura,Brazil,1997,AM,1.88,81.15,Fortaleza,17,33,10
Klever Mosquito,Brazil,1989,AM,1.66,74.5,Fortaleza,36,20,25
Wellington Moreno,Brazil,1999,RM,1.61,85.87,Fortaleza,4,0,0
Durval Celso,Brazil,2005,RM,1.73,75.42,Fortaleza,19,38,11
Sandro Veron,Brazil,1994,RM,1.85,76.39,Fortaleza,2,4,0
Joao Pedro de Abreu,Brazil,1989,LM,1.91,83.13,Fortaleza,54,21,46
Paulo Cezar Araujo,Brazil,2000,LM,1.72,72.27,Fortaleza,49,47,0
Conrado Azevedo,Brazil,1996,LM,1.85,80.82,Fortaleza,50,87,27
Guto Brandão,Brazil,1989,SS,1.82,79.17,Fortaleza,60,67,25
Nivaldo Valerio,Brazil,1993,SS,1.76,70.23,Fortaleza,26,26,3
Daniel Nogueira,Brazil,2003,SS,1.91,82.01,Fortaleza,21,13,11
Wando Carmona,Brazil,1992,WG,1.88,70.18,Fortaleza,26,17,1
Jonathan Casemiro,Brazil,2006,WG,1.66,70.02,Fortaleza,12,1
Marcel Couto,Brazil,1995,WG,1.69,75.13,Fortaleza,12,1,5
André Alboquerque,Brazil,2003,CF,1.74,82.13,Fortaleza,36,26,7
Kleber Branco,Brazil,2001,CF,1.79,70.34,Fortaleza,52,14,2
Enzo Braga,Brazil,1993,CF,1.64,71.57,Fortaleza,46,56,12
Mateus Rosa,Brazil,2003,AM,1.69,77.15,Goiás,42,30,22
Lito Martinelli,Brazil,1994,AM,1.67,76.04,Goiás,30,39,19
Yuri Dolabela,Brazil,2000,AM,1.79,77.31,Goiás,39,69,3
Julinho Gonçalves,Brazil,2006,RM,1.73,67.23,Goiás,11,15,10
Ricardo de Castro,Brazil,2002,RM,1.73,75.06,Goiás,50,24,13
Bernardo Melo,Brazil,1993,RM,1.69,82.39,Goiás,7,0,6
Adalto Nunes,Brazil,1994,LM,1.89,79.31,Goiás,22,40,10
Icaro Lemos,Brazil,2005,LM,1.76,82.89,Goiás,44,0,3
Savarino Crespo,Brazil,1998,LM,1.86,70.99,Goiás,48,43,25
Will da Silva,Brazil,1998,SS,1.67,76.07,Goiás,26,7,4
Luiz Morgardo,Brazil,2004,SS,1.66,71.16,Goiás,42,70,28
Everaldo Fagundes,Brazil,2001,SS,1.81,77.64,Goiás,59,38,11
Madson Lopes,Brazil,2005,WG,1.78,75.31,Goiás,26,8,1
Aderson Farid,Brazil,1991,WG,1.73,75.89,Goiás,94,9
Guto Livio,Brazil,2004,WG,1.89,73.61,Goiás,11,9,2
Mario Fagundes,Brazil,1996,CF,1.69,75.35,Goiás,29,28,2
Giovani Mendes,Brazil,1989,CF,1.75,77.53,Goiás,43,5,31
Luiz Felipe Mosquito,Brazil,1989,CF,1.82,84.42,Goiás,4,0,1
Estafan Betti,Brazil,1991,AM,1.79,82.71,Grêmio,23,6,17
Vanderlei de Castro,Brazil,1999,AM,1.76,80.82,Grêmio,29,9,16
Rogerinho Coutinho,Brazil,2002,AM,1.78,79.37,Grêmio,12,22,4
Anderson Mosteiro,Brazil,2000,RM,1.57,72.15,Grêmio,20,13,0
Will Camargo,Brazil,1995,RM,1.72,69.49,Grêmio,40,40,16
Saulo Melo,Brazil,1997,RM,1.84,69.16,Grêmio,36,63,19
Evaldo Souza,Brazil,1999,LM,1.72,65.47,Grêmio,39,67,12
Italo Valerio,Brazil,2001,LM,1.75,84.98,Grêmio,53,91,20
José de Paula,Brazil,1996,LM,1.96,87.28,Grêmio,11,11,8
Fefito Lira,Brazil,2002,SS,1.62,74.98,Grêmio,36,21,17
Guinho Paes,Brazil,1990,SS,1.85,80.48,Grêmio,22,36,17
Samuca Padrão,Brazil,1999,SS,1.9,83.31,Grêmio,23,39,18
Jander Brandão,Brazil,1995,WG,1.72,77.41,Grêmio,43,64,4
Bill Mesquita,Brazil,1990,WG,1.77,82.26,Grêmio,9,12,1
Dinho Veloso,Brazil,2000,WG,1.67,78.4,Grêmio,20,22
Luide Nara,Brazil,1990,CF,1.91,73.71,Grêmio,53,51,25
Philipe Nara,Brazil,2006,CF,1.73,87.31,Grêmio,57,33,11
Vitinho Neres,Brazil,1992,CF,1.69,69.64,Grêmio,21,27,13
Luiz Gabriel Melo,Brazil,2004,AM,1.62,68.15,Internacional,4,8,2
Jander Aguila,Brazil,1995,AM,1.66,80.83,Internacional,19,32,7
Luide Farid,Brazil,1997,AM,1.68,81.59,Internacional,14,3,8
Felipi Morgardo,Brazil,2004,RM,1.74,64.3,Internacional,27,7,21
Eric Silveira,Brazil,1989,RM,1.74,74.49,Internacional,16,0,11
Calebe Carmona,Brazil,2004,RM,1.66,78.35,Internacional,55,84,41
Saulo Muniz,Brazil,2002,LM,1.74,69.63,Internacional,43,0,9
Guto Valadares,Brazil,2004,LM,1.8,76.08,Internacional,12,1,3
Giovani Diniz,Brazil,1996,LM,1.85,76.52,Internacional,44,74,34
Vini Teles,Brazil,1992,SS,1.7,70.9,Internacional,10,12,2
João Gabriel Nara,Brazil,1994,SS,1.93,84.45,Internacional,21,24,5
Drauzio Cunha,Brazil,1995,SS,1.56,75.98,Internacional,333
Diego Oliveira,Brazil,1990,WG,1.8,67.3,Internacional,7,13,3
Marlon Ribeiro,Brazil,1995,WG,1.58,69.37,Internacional,50,4,8
William Damião,Brazil,1991,WG,1.85,79.68,Internacional,0,0,0
Pierre Dos Anjos,Brazil,2006,CF,1.78,78.75,Internacional,42,15,27
Andrey Soares,Brazil,2005,CF,1.67,76.82,Internacional,29,8,15
Otavio Roxo,Brazil,2004,CF,1.57,79.38,Internacional,58,61,12
Vilmar Roxo,Brazil,2002,AM,1.8,76.4,Palmeiras,197,19
Raizinho Lobo,Brazil,2004,AM,1.73,70.72,Palmeiras,43,13,14
Dinei Veles,Brazil,1991,AM,1.75,74.19,Palmeiras,46,45,25
Roger Mosteiro,Brazil,1994,RM,1.7,71.28,Palmeiras,22,6,5
Duco Monteiro,Brazil,2006,RM,1.6,82.71,Palmeiras,0,0,0
Ronaldinho Burca,Brazil,1989,RM,1.8,65.38,Palmeiras,57,86,26
Joao Lucas Menezes,Brazil,1999,LM,1.84,71.0,Palmeiras,26,40,12
Luide Valão,Brazil,1991,LM,1.78,81.07,Palmeiras,39,27,23
Yohan Carvalho,Brazil,1989,LM,1.82,66.94,Palmeiras,30,3
Flavio Lobo,Brazil,2000,SS,1.9,69.23,Palmeiras,8,7,0
Oliveira Vieira,Brazil,2005,SS,1.71,83.99,Palmeiras,16,20,9
Gilberto Arouca,Brazil,1993,SS,1.69,78.89,Palmeiras,11,22,6
Edvan Martinelli,Brazil,1995,WG,1.64,74.68,Palmeiras,232323
Davi Valão,Brazil,1999,WG,1.81,80.99,Palmeiras,20,2
Bruno Martinelli,Brazil,1995,WG,1.74,67.88,Palmeiras,16,2,12
Almir Farid,Brazil,1993,CF,1.76,66.13,Palmeiras,27,8,18
Nivaldo Assad,Brazil,1989,CF,1.73,70.1,Palmeiras,9,18,3
Kleber D'avila,Brazil,1989,CF,1.74,76.13,Palmeiras,47,16,18
Rogerinho Neves,Brazil,1996,AM,1.62,73.11,Red Bull Bragantino,57,81,52
Gilvan Costeira,Brazil,1990,AM,1.83,68.84,Red Bull Bragantino,23,15,0
Paulo Cezar Pereira,Brazil,1996,AM,1.84,66.76,Red Bull Bragantino,13,20,0
George Vivaz,Brazil,1998,RM,1.96,77.1,Red Bull Bragantino,14,10,8
Yohan Araujo,Brazil,1991,RM,1.65,75.43,Red Bull Bragantino,2418,24
Samuel Betin,Brazil,2006,RM,1.68,73.03,Red Bull Bragantino,57,86,36
Estafan Barreto,Brazil,1994,LM,1.73,82.14,Red Bull Bragantino,6,3,1
Natan Araujo,Brazil,1989,LM,1.82,77.79,Red Bull Bragantino,53,7,8
David Fuzão,Brazil,1993,LM,1.93,85.66,Red Bull Bragantino,26,37,9
Rafael Teixeira,Brazil,1999,SS,1.76,78.49,Red Bull Bragantino,35,36,8
Ederson Nazaré,Brazil,1989,SS,1.98,81.14,Red Bull Bragantino,7,4,5
Andrey Miranda,Brazil,1989,SS,1.75,71.44,Red Bull Bragantino,47,23,21
Lucca Laranjeira,Brazil,1991,WG,1.83,79.97,Red Bull Bragantino,3,1,0
Waguininho Nogueira,Brazil,1995,WG,1.88,81.18,Red Bull Bragantino,37,44,22
Vini Crespo,Brazil,1998,WG,1.63,78.6,Red Bull Bragantino,48,36,40
Mario Bassols,Brazil,1990,CF,1.8,77.41,Red Bull Bragantino,35,39,1
Bru Fagundes,Brazil,2001,CF,1.9,73.15,Red Bull Bragantino,13,10,5
Adriano Neto,Brazil,1991,CF,1.67,68.44,Red Bull Bragantino,11,13,6
Humberto Vieira,Brazil,1995,AM,1.95,67.63,Santos,7,9,1
Vando Mica,Brazil,1995,AM,1.74,79.17,Santos,27,32,18
Lito Livio,Brazil,1996,AM,1.73,78.19,Santos,28,49,1
Guto Calegari,Brazil,1989,RM,1.78,76.21,Santos,7,11,4
Drauzio Diaz,Brazil,2003,RM,1.78,68.85,Santos,111
Kleber Lira,Brazil,1995,RM,1.63,79.45,Santos,29,19,10
Klever Melila,Brazil,2003,LM,1.72,69.35,Santos,34,14,17
Alex Betti,Brazil,1998,LM,1.81,71.6,Santos,54,43,36
Edvan Burca,Brazil,1992,LM,1.62,68.16,Santos,53,92,12
Valdir Cella,Brazil,1998,SS,1.78,82.27,Santos,58,63,35
Helio Barcelo,Brazil,1990,SS,1.88,77.77,Santos,19,16,11
Humberto Fagundes,Brazil,2004,SS,1.77,77.37,Santos,47,69,7
Geraldo Oliveira,Brazil,2005,WG,1.7,65.79,Santos,55,86,18
Pepeu Rios,Brazil,1991,WG,1.75,78.7,Santos,23,23,12
Jander Ribas,Brazil,1996,WG,1.62,86.81,Santos,12,19,9
Roger Morgardo,Brazil,1997,CF,1.85,75.75,Santos,34,2828
Elivaldo Varanda,Brazil,2000,CF,1.66,85.92,Santos,30,49,25
Watson Vasques,Brazil,1995,CF,1.84,85.53,Santos,22,21,8
Daniel Reis,Brazil,2001,AM,1.59,81.68,São Paulo,47,56,30
Leandro Branco,Brazil,2002,AM,1.89,76.71,São Paulo,30,56,3
Fefito Fuzão,Brazil,2001,AM,1.7,79.89,São Paulo,19,15,2
Leandro Martinelli,Brazil,2000,RM,1.79,76.2,São Paulo,25,29,2
Jander Alcantara,Brazil,2000,RM,1.64,76.87,São Paulo,40,63,37
Mateus Frazan,Brazil,1993,RM,1.69,72.11,São Paulo,356,35
João Pedro Matheus,Brazil,1990,LM,1.7,76.53,São Paulo,11,7,9
Vitor de Camargo,Brazil,1992,LM,1.8,82.66,São Paulo,3,1,0
Wendel Paes,Brazil,1990,LM,1.89,67.94,São Paulo,45,44,33
Diogo Nazario,Brazil,1994,SS,1.88,84.22,São Paulo,52,91,3
Juliano Carmona,Brazil,2005,SS,1.84,76.36,São Paulo,42,26,40
Durval Nazaré,Brazil,1997,SS,1.76,80.12,São Paulo,33,13,24
Roger Moreno,Brazil,1991,WG,1.64,79.02,São Paulo,17,4,16
Estafan Varanda,Brazil,1989,WG,1.78,71.04,São Paulo,10,9,0
Evaldo Fuzão,Brazil,1999,WG,1.8,65.67,São Paulo,911,9
Bento Cruz,Brazil,1998,CF,1.9,86.33,São Paulo,30,54,20
Pericles Souza,Brazil,2002,CF,1.81,77.37,São Paulo,32,31,21
Rodriguinho Martinelli,Brazil,2001,CF,1.81,85.18,São Paulo,3363,33
Juninho Fernandes,Brazil,2006,AM,1.94,70.0,Vasco da Gama,45,83,17
Vitinho Couto,Brazil,2004,AM,1.94,68.16,Vasco da Gama,59,92,3
Eric Mesquita,Brazil,2003,AM,1.67,88.68,Vasco da Gama,8,10,0
Nataniel Calegari,Brazil,2006,RM,1.89,77.62,Vasco da Gama,75,7
Saulo Damião,Brazil,1994,RM,1.67,75.14,Vasco da Gama,58,36,18
Roger Ribas,Brazil,2003,RM,1.98,81.09,Vasco da Gama,59,41,42
Dinho Martinelli,Brazil,1994,LM,1.67,74.0,Vasco da Gama,34,23,9
Waguininho Alcantara,Brazil,2000,LM,1.68,69.44,Vasco da Gama,41,15,18
Aderson Roxo,Brazil,2001,LM,1.55,67.66,Vasco da Gama,28,2424
Giovani Frazan,Brazil,1991,SS,1.74,78.35,Vasco da Gama,11,19,9
Ian Dias,Brazil,2003,SS,1.82,79.72,Vasco da Gama,55,41,51
Flavio Costeira,Brazil,2000,SS,1.85,66.78,Vasco da Gama,53,66,24
Mario Mosteiro,Brazil,1996,WG,1.76,82.88,Vasco da Gama,48,31,21
Rafael Dolabela,Brazil,1993,WG,1.72,66.63,Vasco da Gama,10,0,2
Enzo Mico,Brazil,1999,WG,1.91,69.34,Vasco da Gama,18,32,14
Estafan Brandão,Brazil,2005,CF,1.71,75.81,Vasco da Gama,54,12,13
Natan Neto,Brazil,2002,CF,1.77,75.14,Vasco da Gama,38,5,31
Levi Araujo,Brazil,1995,CF,1.65,83.35,Vasco da Gama,45,47,3
Carlos Alberto Livio,Brazil,1996,AM,1.66,66.67,América Mineiro,15,2,6
Marquinho Veles,Brazil,1992,AM,1.68,67.98,América Mineiro,0,0,0
Caue Paes,Brazil,1989,AM,1.77,80.48,América Mineiro,38,3232
Matheus Nazaré,Brazil,1992,RM,1.53,69.93,América Mineiro,14,4,13
Raizinho Nara,Brazil,1993,RM,1.79,73.33,América Mineiro,31,9,15
Aroldo Arantes,Brazil,1990,RM,1.88,77.5,América Mineiro,33,9,25
Gilvan Bacci,Brazil,1998,LM,1.83,77.28,América Mineiro,55,27,54
Ian Mendes,Brazil,2000,LM,1.83,77.14,América Mineiro,49,24,3
Julio Correa,Brazil,1993,LM,1.92,72.84,América Mineiro,27,52,11
Luiz Carlos Aguiar,Brazil,1989,SS,1.75,72.02,América Mineiro,17,7,9
Enzo Oliveira,Brazil,1989,SS,1.75,77.09,América Mineiro,17,34,2
Elivaldo Buarque,Brazil,2000,SS,1.74,67.43,América Mineiro,50,87,36
Leandro Nazario,Brazil,1996,WG,1.81,66.78,América Mineiro,31,48,7
Vina Claro,Brazil,2004,WG,1.83,74.8,América Mineiro,50,81,13
Antônio Inacio,Brazil,2005,WG,1.55,86.42,América Mineiro,31,1,2
Nathan Rosa,Brazil,2005,CF,1.71,82.14,América Mineiro,36,19,10
Patrick Aguila,Brazil,2006,CF,1.65,69.33,América Mineiro,40,7,14
Marcos Monteiro,Brazil,1990,CF,1.78,79.12,América Mineiro,46,20,44
Estafan Mesquita,Brazil,1998,AM,1.86,66.08,Athletico Paranaense,10,66
Lorenzo Azevedo,Brazil,1999,AM,1.88,80.37,Athletico Paranaense,39,45,22
José da Silva,Brazil,2002,AM,1.79,80.93,Athletico Paranaense,33,57,31
Sandrinho Diniz,Brazil,1991,RM,1.82,66.45,Athletico Paranaense,0,0,0
Yago Mota,Brazil,1995,RM,1.76,86.79,Athletico Paranaense,26,41,15
Luciano Livio,Brazil,1999,RM,1.83,75.02,Athletico Paranaense,2123,21
Dalcides Fuzão,Brazil,2004,LM,1.82,77.79,Athletico Paranaense,127,12
Alessandro Roussef,Brazil,1996,LM,1.77,75.48,Athletico Paranaense,31,57,15
Benjamin Inacio,Brazil,1994,LM,1.74,83.17,Athletico Paranaense,41,5,1
Ronaldo Varanda,Brazil,1995,SS,1.71,83.77,Athletico Paranaense,19,4,7
Juninho Pera,Brazil,1990,SS,1.7,82.12,Athletico Paranaense,51,67,17
Jander Grilo,Brazil,1996,SS,1.57,74.14,Athletico Paranaense,1,1,0
Adalberto Costeira,Brazil,2004,WG,1.79,80.29,Athletico Paranaense,31,3
Duco Licurgo,Brazil,1990,WG,1.77,75.67,Athletico Paranaense,57,44,40
Francisco Barbosa,Brazil,1996,WG,1.76,87.97,Athletico Paranaense,333
Caco Couto,Brazil,1993,CF,1.84,64.84,Athletico Paranaense,29,2,24
Geraldo Palmeiras,Brazil,1993,CF,1.81,77.31,Athletico Paranaense,21,35,15
Durval Barcelar,Brazil,2000,CF,1.92,74.32,Athletico Paranaense,40,28,17
Vinicius Menezes,Brazil,1991,AM,1.71,84.69,Atlético Mineiro,27,21,9
Felipi Camargo,Brazil,1992,AM,1.64,72.95,Atlético Mineiro,33,34,4
Carlos Alvez,Brazil,2001,AM,1.88,74.74,Atlético Mineiro,39,54,26
Fernando Lira,Brazil,1989,RM,1.64,76.59,Atlético Mineiro,4,0,0
Daniel Guimaraes,Brazil,1989,RM,1.6,84.51,Atlético Mineiro,27,16,7
Vitão dos Santos,Brazil,2005,RM,1.97,80.22,Atlético Mineiro,46,76,11
Marcel Gonçalves,Brazil,1997,LM,1.88,79.49,Atlético Mineiro,30,8,13
Fernando Monteiro,Brazil,2000,LM,1.72,73.72,Atlético Mineiro,54,22,53
Gilmar Golvea,Brazil,1989,LM,1.67,83.8,Atlético Mineiro,58,15,56
Bento Coutinho,Brazil,2002,SS,1.92,69.96,Atlético Mineiro,4,6,1
Pierre Betti,Brazil,1990,SS,1.8,82.6,Atlético Mineiro,8,8,6
Humberto Firmino,Brazil,2006,SS,1.71,75.6,Atlético Mineiro,14,14,10
Sebastião Calegari,Brazil,1990,WG,1.78,80.54,Atlético Mineiro,43,7,41
Gabriel Faria,Brazil,1991,WG,1.71,81.75,Atlético Mineiro,51,22,33
Juca Assad,Brazil,1996,WG,1.64,80.29,Atlético Mineiro,57,16,55
Ronaldinho Moreno,Brazil,1990,CF,1.8,68.05,Atlético Mineiro,0,0,0
Gilmar Neto,Brazil,2006,CF,1.69,82.88,Atlético Mineiro,3,0,2
Philipe Limeira,Brazil,1998,CF,1.71,62.32,Atlético Mineiro,18,5,15
Marcos Mosquito,Brazil,1994,AM,1.74,78.9,Bahia,6,11,1
Dorival Correa,Brazil,2005,AM,1.62,79.8,Bahia,4261,42
Aderson Vivaz,Brazil,2001,AM,1.68,80.92,Bahia,51,89,14
Will Veloso,Brazil,1993,RM,1.92,66.81,Bahia,12,1
Nino Silva,Brazil,1991,RM,1.56,81.03,Bahia,0,0,0
Victor Arouca,Brazil,1989,RM,1.78,65.79,Bahia,34,55,19
João Paulo Frazan,Brazil,1999,LM,1.73,84.1,Bahia,41,64,0
Mauro Moura,Brazil,2003,LM,1.75,78.43,Bahia,53,67,24
Yuri Rainha,Brazil,1995,LM,1.81,75.48,Bahia,4,8,0
Felix da Costa,Brazil,1989,SS,1.68,79.21,Bahia,56,108,17
Rodrigo Pamonha,Brazil,2001,SS,1.71,78.37,Bahia,45,79,16
Renan Mota,Brazil,2000,SS,1.75,75.5,Bahia,42,1111
Luide Valão,Brazil,2004,WG,1.83,69.43,Bahia,284,28
Carlos Daniel Fabil,Brazil,2005,WG,1.73,87.82,Bahia,27,8,7
Levi Nunes,Brazil,2000,WG,1.68,74.73,Bahia,7,8,2
William Livio,Brazil,2005,CF,1.82,67.31,Bahia,57,25,37
Maurilio Correa,Brazil,1992,CF,1.74,81.5,Bahia,0,0,0
Flavio Lopes,Brazil,2005,CF,1.88,69.55,Bahia,13,14,8
Severino Pamonha,Brazil,2001,AM,1.88,76.32,Botafogo,39,69,11
Heitor Lysandro,Brazil,2000,AM,1.92,79.57,Botafogo,40,25,21
Dinei Guimaraes,Brazil,2003,AM,1.84,70.25,Botafogo,612,6
Leandro Fagundes,Brazil,1996,RM,1.81,82.49,Botafogo,50,83,21
Marcel Burca,Brazil,1995,RM,1.74,77.38,Botafogo,28,23,18
Ivan de Castro,Brazil,1992,RM,1.71,73.46,Botafogo,12,18,1
Watson Neto,Brazil,1999,LM,1.64,78.74,Botafogo,34,62,29
Augusto Alvez,Brazil,1991,LM,1.62,73.45,Botafogo,7,1,0
Madson Faria,Brazil,2000,LM,1.69,67.44,Botafogo,38,72,3
Rodrigo Santos,Brazil,1990,SS,1.85,85.95,Botafogo,42,70,3
Pericles Barbosa,Brazil,2006,SS,1.71,84.54,Botafogo,33,48,13
Joao Miguel Lysandro,Brazil,2001,SS,1.63,69.41,Botafogo,14,3,6
Evaldo Farid,Brazil,2004,WG,1.74,83.04,Botafogo,26,24,19
Anderson Falcao,Brazil,1995,WG,1.62,69.21,Botafogo,40,15,16
Manuel Roxo,Brazil,1998,WG,1.8,83.44,Botafogo,36,70,26
Savio Grilo,Brazil,2005,CF,1.75,71.13,Botafogo,29,53,19
Ronaldinho Casemiro,Brazil,1989,CF,1.72,65.35,Botafogo,44,43,42
Catatau Ribeiro,Brazil,1991,CF,1.78,74.7,Botafogo,38,44,18
George Mota,Brazil,1995,AM,1.79,85.16,Corinthians,52,43,30
Tito Celso,Brazil,1998,AM,1.7,67.13,Corinthians,30,8,14
Valdir Silveira,Brazil,2005,AM,1.64,64.83,Corinthians,17,7,10
Luan da Silva,Brazil,2001,RM,1.82,77.76,Corinthians,59,41,7
Vitor Firmino,Brazil,2000,RM,1.74,78.28,Corinthians,12,20,3
Neilton Vasques,Brazil,2003,RM,1.66,80.58,Corinthians,24,24,10
Carlos Victor Celso,Brazil,1993,LM,1.67,77.86,Corinthians,51,90,10
Maurilio Veloso,Brazil,1995,LM,1.69,71.25,Corinthians,39,2121
Mariano Fernandes,Brazil,1998,LM,1.61,72.62,Corinthians,42,6,36
Juninho de Abreu,Brazil,2003,SS,1.78,82.65,Corinthians,60,80,21
Carlos Daniel Nara,Brazil,2002,SS,1.84,64.45,Corinthians,49,78,45
Valdir Frazan,Brazil,1997,SS,1.74,73.05,Corinthians,11,16,0
Klever Palmeiras,Brazil,1996,WG,1.7,79.49,Corinthians,8,12,3
Yago Pera,Brazil,1995,WG,1.88,66.77,Corinthians,4,4,3
Luiz Manoel Claro,Brazil,1997,WG,1.88,67.43,Corinthians,15,17,4
Andrey Firmino,Brazil,1995,CF,1.8,70.99,Corinthians,44,31,15
Adalto Limeira,Brazil,2000,CF,1.53,78.38,Corinthians,58,11,38
Humberto Cella,Brazil,2002,CF,1.61,75.82,Corinthians,45,87,24
Flavio Souza,Brazil,1989,AM,1.67,68.59,Coritiba,24,3,16
Diego Vivaz,Brazil,1997,AM,1.79,81.64,Coritiba,35,34,4
Leonardo Varanda,Brazil,1992,AM,1.7,79.1,Coritiba,19,1,5
Carlos Valão,Brazil,1992,RM,1.64,80.68,Coritiba,51,5
Eurico Brito,Brazil,1990,RM,1.88,76.35,Coritiba,40,78,3
Juares Muniz,Brazil,2001,RM,1.72,72.72,Coritiba,31,55,11
Gilmar Alcantara,Brazil,2003,LM,1.6,77.47,Coritiba,54,14,41
Gabi da Cruz,Brazil,1989,LM,1.97,79.4,Coritiba,9,11,5
Samuel Carvalho,Brazil,1990,LM,1.86,78.65,Coritiba,59,40,58
Julio Celso,Brazil,1995,SS,1.82,67.52,Coritiba,56,68,21
Maurilio Fabil,Brazil,2006,SS,1.7,80.62,Coritiba,54,106,42
Roger Grilo,Brazil,1995,SS,1.89,68.37,Coritiba,48,44,16
Pierre Silveira,Brazil,2004,WG,1.6,69.5,Coritiba,47,24,33
Yohan Araujo,Brazil,2004,WG,1.61,71.76,Coritiba,48,68,28
Patrick Hoffman,Brazil,2001,WG,1.66,67.91,Coritiba,47,30,40
Otavio Mello,Brazil,2002,CF,1.76,63.47,Coritiba,17,14,12
Edmundo Couto,Brazil,2003,CF,1.7,78.88,Coritiba,87,8
Italo Moreno,Brazil,2006,CF,1.72,76.34,Coritiba,4,2,0
Cauan Cruz,Brazil,1996,AM,1.79,74.72,Cruzeiro,4,0,3
Geraldo Fernandes,Brazil,1996,AM,1.67,80.45,Cruzeiro,51,14,19
Caio Coutinho,Brazil,1994,AM,1.79,79.5,Cruzeiro,19,1,13
Flavio Arouca,Brazil,1990,RM,1.97,83.05,Cruzeiro,55,45,44
Lucca Fabil,Brazil,1996,RM,1.8,78.36,Cruzeiro,41,55,17
Ronaldinho Branco,Brazil,1991,RM,1.86,75.23,Cruzeiro,59,82,19
Johnny Teixeira,Brazil,1995,LM,1.85,72.3,Cruzeiro,38,3,8
Rafael Militão,Brazil,1996,LM,1.87,75.67,Cruzeiro,156,15
Italo Camargo,Brazil,1996,LM,1.76,77.54,Cruzeiro,53,67,45
Levi Neto,Brazil,2006,SS,1.8,63.16,Cruzeiro,21,18,12
Jamal Carvalho,Brazil,2005,SS,1.85,77.38,Cruzeiro,2,4,1
Lucas da Cruz,Brazil,2005,SS,1.54,81.67,Cruzeiro,2,2,0
Elizeu Silvestre,Brazil,1991,WG,1.57,84.57,Cruzeiro,18,1,7
Vilmar dos Santos,Brazil,1995,WG,1.69,69.29,Cruzeiro,3949,39
Romilton Claro,Brazil,1991,WG,1.67,74.94,Cruzeiro,16,17,13
Gustavo Moreno,Brazil,2004,CF,1.64,74.56,Cruzeiro,15,20,13
Nivaldo Muniz,Brazil,1991,CF,1.75,78.59,Cruzeiro,31,7,4
Tuco Aguiar,Brazil,1992,CF,1.67,66.22,Cruzeiro,26,10,19
Estavão Matheus,Brazil,2003,AM,1.72,84.06,Cuiabá,38,13,30
Samuca Fernandes,Brazil,1999,AM,1.78,73.1,Cuiabá,46,36,45
Enzo Viveiro,Brazil,2006,AM,1.7,72.87,Cuiabá,36,52,1
Savio Veloso,Brazil,1998,RM,1.67,74.28,Cuiabá,44,72,36
Giovani Aquila,Brazil,1990,RM,1.63,71.86,Cuiabá,50,13,31
Filipi Lima,Brazil,1999,RM,1.73,77.64,Cuiabá,43,82,0
Vitinho Neto,Brazil,1998,LM,1.73,74.41,Cuiabá,25,13,21
Dalcides Garcia,Brazil,1990,LM,1.72,64.84,Cuiabá,24,7,21
Gilmar Neres,Brazil,1995,LM,1.77,87.31,Cuiabá,10,7,9
Sandrinho Mosteiro,Brazil,1994,SS,1.72,72.83,Cuiabá,56,12,36
Madson Oliveira,Brazil,2006,SS,1.71,74.69,Cuiabá,11,20,2
Enzo Vivaz,Brazil,1996,SS,1.76,73.26,Cuiabá,47,4
Icaro Coutinho,Brazil,1990,WG,1.69,62.02,Cuiabá,23,25,1
Guto Lampião,Brazil,1994,WG,1.86,62.52,Cuiabá,44,46,27
Geraldo Braga,Brazil,1994,WG,1.84,85.29,Cuiabá,28,55,2
Italo Correa,Brazil,1993,CF,1.72,80.98,Cuiabá,34,26,14
Germano Betti,Brazil,1991,CF,1.76,77.59,Cuiabá,56,73,49
Dinei Arantes,Brazil,2000,CF,1.7,65.94,Cuiabá,23,25,1
Caco Damião,Brazil,2001,AM,1.8,68.11,Flamengo,48,62,5
Deyverson Azevedo,Brazil,1992,AM,1.74,69.39,Flamengo,26,38,11
Bruno Dias,Brazil,1997,AM,1.72,82.86,Flamengo,36,16,15
João Gabriel Magno,Brazil,2001,RM,1.81,76.3,Flamengo,43,76,33
Ivan Mota,Brazil,1992,RM,1.69,77.85,Flamengo,55,20,29
Gilmar Santos,Brazil,1996,RM,1.67,67.43,Flamengo,37,67,18
Ian Valão,Brazil,2002,LM,1.76,85.72,Flamengo,19,3,14
Conrado dos Santos,Brazil,1989,LM,1.62,86.25,Flamengo,6,11,3
Daniel Alencar,Brazil,1990,LM,1.7,75.12,Flamengo,45,87,13
Duco Nara,Brazil,2006,SS,1.66,67.56,Flamengo,55,70,29
Flavio Pacheco,Brazil,1991,SS,1.8,73.56,Flamengo,39,46,29
Thiego Bassols,Brazil,2004,SS,1.88,77.11,Flamengo,6,33
Alessandro Alencar,Brazil,1996,WG,1.82,73.19,Flamengo,16,14,10
Andrei Gonçalves,Brazil,1991,WG,1.76,72.13,Flamengo,40,8,5
Nino Padrão,Brazil,1994,WG,1.9,81.2,Flamengo,16,26,15
Juares Carvalho,Brazil,1995,CF,1.58,72.6,Flamengo,8,77
Luiz Gabriel de Abreu,Brazil,1998,CF,1.65,71.36,Flamengo,2,4,1
Douglas Leitão,Brazil,2000,CF,1.71,74.43,Flamengo,27,17,2
Washington Arouca,Brazil,2006,AM,1.58,72.55,Fluminense,38,29,9
Amaral Barcelar,Brazil,2006,AM,1.76,78.76,Fluminense,43,50,19
João Paulo Melo,Brazil,2004,AM,1.9,73.85,Fluminense,4,0,3
Caco Pera,Brazil,1998,RM,1.52,74.3,Fluminense,24,2
Mario Mesquita,Brazil,1996,RM,1.83,73.65,Fluminense,39,71,21
Lucian Alvarenga,Brazil,1997,RM,1.77,74.55,Fluminense,45,85,1
Henrique Laranja,Brazil,2003,LM,1.8,81.54,Fluminense,55,95,21
Nuno Beltrão,Brazil,1995,LM,1.54,85.46,Fluminense,6,9,4
Caco Garcia,Brazil,2003,LM,1.71,67.13,Fluminense,54,19,6
Pericles Silvestre,Brazil,2001,SS,1.98,75.68,Fluminense,1,0,0
Guilherme Betin,Brazil,1991,SS,1.95,77.46,Fluminense,26,43,22
Duda Roussef,Brazil,2003,SS,1.75,71.73,Fluminense,34,19,3
Inacio Silveira,Brazil,2002,WG,1.9,71.09,Fluminense,108,10
Savarino Rainha,Brazil,2001,WG,1.57,85.4,Fluminense,60,88,13
Levi Beltrão,Brazil,1995,WG,1.76,69.99,Fluminense,34,29,11
Waguininho Ribeiro,Brazil,2006,CF,1.69,88.84,Fluminense,9,10,0
Romilton Silva,Brazil,1998,CF,1.8,68.0,Fluminense,21,38,13
Rogerinho Valadares,Brazil,1995,CF,1.97,79.37,Fluminense,29,47,0
Dinei Mello,Brazil,2005,AM,1.75,70.1,Fortaleza,48,81,14
Duco Matheus,Brazil,1994,AM,1.77,69.49,Fortaleza,34,51,16
Arnaldo Morgardo,Brazil,2003,AM,1.83,76.13,Fortaleza,21,9,10
Enzo Nascimento,Brazil,2006,RM,1.66,77.0,Fortaleza,23,2020
Will Poeta,Brazil,2004,RM,1.78,75.37,Fortaleza,55,32,35
Jonathan Aguila,Brazil,1989,RM,1.76,72.98,Fortaleza,23,13,5
Cauan Lopes,Brazil,1997,LM,1.89,69.83,Fortaleza,57,105,20
Matias Silvestre,Brazil,2003,LM,1.6,75.66,Fortaleza,19,10,7
Leonardo Lima,Brazil,2006,LM,1.79,72.51,Fortaleza,32,57,4
Diogo Mosteiro,Brazil,1999,SS,1.73,60.5,Fortaleza,4,8,3
Johnny Miranda,Brazil,2004,SS,1.77,74.78,Fortaleza,59,91,57
Duco Melo,Brazil,2002,SS,1.96,78.3,Fortaleza,13,8,6
Felipi Mota,Brazil,1993,WG,1.68,71.83,Fortaleza,43,58,34
Savarino Arantes,Brazil,1995,WG,1.87,71.51,Fortaleza,13,5,12
Marquinho Diniz,Brazil,1996,WG,1.89,76.49,Fortaleza,28,56,17
Tuco Barcelos,Brazil,1995,CF,1.82,75.34,Fortaleza,60,105,17
Valdir Rocha,Brazil,1991,CF,1.85,70.38,Fortaleza,38,44,5
Nicolas Rainha,Brazil,1994,CF,1.81,62.71,Fortaleza,9,16,5
Miguel Teixeira,Brazil,1996,AM,1.83,83.1,Goiás,52,3,30
Humberto Viveiro,Brazil,1990,AM,1.77,65.5,Goiás,38,1,28
João Gabriel Rios,Brazil,1999,AM,1.72,72.62,Goiás,7,12,2
Dorival D'avila,Brazil,1999,RM,1.75,83.45,Goiás,55,13,4
Luis Braga,Brazil,2003,RM,1.94,85.5,Goiás,46,5,37
Guinho Rainha,Brazil,1990,RM,1.66,85.78,Goiás,21,39,12
Ronaldinho Lysandro,Brazil,1996,LM,1.73,70.87,Goiás,0,0,0
Sebastião Lima,Brazil,1994,LM,1.81,70.43,Goiás,4750,47
David de Paula,Brazil,1999,LM,1.74,80.98,Goiás,333
Jonathan Viana,Brazil,1997,SS,1.66,76.19,Goiás,9,13,5
Savarino Pamonha,Brazil,2005,SS,1.95,64.02,Goiás,33,27,30
Theo Souza,Brazil,2003,SS,1.85,74.01,Goiás,60,71,36
Valdir Eler,Brazil,2003,WG,1.82,72.64,Goiás,28,7,6
Caue de Paula,Brazil,1991,WG,1.75,61.25,Goiás,60,4242
Vanderson Nascimento,Brazil,1999,WG,1.94,72.73,Goiás,30,21,1
Klever Miranda,Brazil,1991,CF,1.87,72.39,Goiás,52,36,6
Antunes Diniz,Brazil,1993,CF,1.66,76.58,Goiás,13,6,1
Marcel Paes,Brazil,1992,CF,1.85,65.66,Goiás,21,1515
Dalcides Alcantara,Brazil,1995,AM,1.89,73.72,Grêmio,18,31,4
Calebe Paes,Brazil,1996,AM,1.73,75.12,Grêmio,27,51,19
Jander Reis,Brazil,1999,AM,1.85,72.79,Grêmio,52,47,22
Luiz Gabriel Nazario,Brazil,1993,RM,1.82,82.89,Grêmio,34,47,1
Eurico Alvarenga,Brazil,2005,RM,1.55,74.73,Grêmio,19,7,16
Guilherme Mosteiro,Brazil,2002,RM,1.62,66.47,Grêmio,46,4
Muriel Militão,Brazil,1990,LM,1.84,66.31,Grêmio,16,8,1
Wendel Viveiro,Brazil,1995,LM,1.68,74.76,Grêmio,43,15,11
Filipi da Silva,Brazil,1997,LM,1.57,66.26,Grêmio,30,16,1
Caue Licurgo,Brazil,2005,SS,1.86,73.41,Grêmio,60,8,6
Oliveira Aquila,Brazil,2002,SS,1.8,84.07,Grêmio,53,73,48
João Paulo Assad,Brazil,1991,SS,1.63,72.13,Grêmio,37,63,13
Luiz Aquila,Brazil,2001,WG,1.73,75.12,Grêmio,17,30,2
Marcelo Couto,Brazil,1992,WG,1.86,75.55,Grêmio,31,15,26
Bento Rios,Brazil,2005,WG,1.78,63.96,Grêmio,22,42,15
Giuliano Fabil,Brazil,1992,CF,1.6,67.11,Grêmio,17,19,13
Junior Neto,Brazil,1997,CF,1.85,81.18,Grêmio,14,9,5
Klever Cunha,Brazil,1992,CF,1.81,66.95,Grêmio,22,37,17
Samuel Magno,Brazil,1997,AM,1.84,72.7,Internacional,45,26,10
Neilton de Castro,Brazil,1995,AM,1.68,81.46,Internacional,33,20,19
Carlos Alberto Correa,Brazil,1990,AM,1.71,65.8,Internacional,5,1,2
Antônio Barcelo,Brazil,1991,RM,1.87,71.2,Internacional,25,9,0
Guinho Roxo,Brazil,1993,RM,1.59,82.08,Internacional,14,7,3
Benjamin Valerio,Brazil,2004,RM,1.75,78.18,Internacional,3,3,0
Watson Golvea,Brazil,1994,LM,1.84,73.96,Internacional,6,9,4
Breno Miranda,Brazil,2000,LM,1.82,81.57,Internacional,38,47,7
Matias Araujo,Brazil,1998,LM,1.73,77.89,Internacional,5,10,2
Carlos Santos,Brazil,2006,SS,1.75,60.99,Internacional,8,6,4
Almir Magno,Brazil,2002,SS,1.86,77.33,Internacional,55,72,34
Edivaldo Martinelli,Brazil,2004,SS,1.54,71.58,Internacional,12,21,7
Bru Ribas,Brazil,2001,WG,1.74,73.49,Internacional,32,37,23
Maicon Burca,Brazil,2000,WG,1.84,80.83,Internacional,19,33,8
William da Costa,Brazil,1991,WG,1.78,81.94,Internacional,32,18,2
Yago Muniz,Brazil,2000,CF,1.62,78.22,Internacional,38,1,12
Ricardo Correia,Brazil,1996,CF,1.66,68.53,Internacional,44,16,17
Elivaldo Bartolo,Brazil,1998,CF,1.62,68.12,Internacional,403,40
Manuel Lemos,Brazil,2005,AM,1.87,65.25,Palmeiras,15,9,2
Rodrigo Nascimento,Brazil,1996,AM,1.8,74.92,Palmeiras,48,94,41
Leandrinho Pacheco,Brazil,2002,AM,1.78,79.37,Palmeiras,57,52,3
Carlos Daniel Santos,Brazil,2004,RM,1.69,75.04,Palmeiras,59,97,36
David Alencar,Brazil,1996,RM,1.76,71.38,Palmeiras,18,12,4
Durval Alvarenga,Brazil,2001,RM,1.7,73.62,Palmeiras,17,10,12
Thiago Farid,Brazil,2000,LM,1.79,64.09,Palmeiras,24,47,10
Levi Magno,Brazil,2000,LM,1.84,77.99,Palmeiras,10,44
Joao Pedro Aguiar,Brazil,1995,LM,1.78,68.49,Palmeiras,28,9,22
Nicolas Pamonha,Brazil,1999,SS,1.74,78.37,Palmeiras,10,1
Elivaldo Grilo,Brazil,1999,SS,1.77,75.55,Palmeiras,21,29,19
Ademar Melila,Brazil,1997,SS,1.73,69.92,Palmeiras,17,20,8
Yago Mico,Brazil,2004,WG,1.6,86.86,Palmeiras,21,40,19
João Pedro Claro,Brazil,1989,WG,1.78,70.13,Palmeiras,47,61,17
Aracel Aguila,Brazil,1992,WG,1.68,76.59,Palmeiras,26,18,13
Henry Betti,Brazil,1997,CF,1.72,67.06,Palmeiras,38,44,34
Yohan Calegari,Brazil,1998,CF,1.67,67.42,Palmeiras,28,6,3
David Viveiro,Brazil,1993,CF,1.67,76.31,Palmeiras,5,3,1
Carlos Alberto Lira,Brazil,2002,AM,1.73,69.26,Red Bull Bragantino,33,16,10
Ademar Barreto,Brazil,1997,AM,1.75,67.76,Red Bull Bragantino,31,35,21
Muriel Aquila,Brazil,2002,AM,1.74,79.31,Red Bull Bragantino,55,97,44
Caco Frazan,Brazil,2003,RM,1.85,85.29,Red Bull Bragantino,39,60,14
Elizandro Arouca,Brazil,2004,RM,1.61,67.87,Red Bull Bragantino,53,10,31
Pepeu de Abreu,Brazil,1997,RM,1.89,73.07,Red Bull Bragantino,26,44,15
Nelson Reis,Brazil,1997,LM,1.66,79.37,Red Bull Bragantino,44,42,12
Guto Neto,Brazil,2002,LM,1.55,78.24,Red Bull Bragantino,2,3,0
Victor Dias,Brazil,2001,LM,1.67,71.41,Red Bull Bragantino,59,20,46
Francimar Rios,Brazil,2002,SS,1.69,80.58,Red Bull Bragantino,30,12,19
José Mosquito,Brazil,1999,SS,1.76,72.86,Red Bull Bragantino,50,17,41
Andrei Viana,Brazil,2002,SS,1.84,64.7,Red Bull Bragantino,11,4,5
Severino D'avila,Brazil,2004,WG,1.84,68.4,Red Bull Bragantino,34,50,2
Jurandir Coutinho,Brazil,2003,WG,1.62,73.35,Red Bull Bragantino,21,31,2
Aroldo Celso,Brazil,2006,WG,1.69,72.35,Red Bull Bragantino,59,57,35
Will Silveira,Brazil,1999,CF,1.73,68.48,Red Bull Bragantino,42,57,2
Vitor Reis,Brazil,2000,CF,1.95,72.85,Red Bull Bragantino,8,6,3
Andrey Lopes,Brazil,2005,CF,1.77,81.01,Red Bull Bragantino,49,84,2
Eduardo Morgardo,Brazil,2004,AM,1.81,73.57,Santos,30,3
Leonardo Eler,Brazil,1996,AM,1.8,73.01,Santos,9,11,8
Icaro Eler,Brazil,2006,AM,1.87,81.38,Santos,52,96,14
Guinho Brito,Brazil,2005,RM,1.7,70.42,Santos,11,5,1
Estafan Gonçalves,Brazil,2002,RM,1.75,68.2,Santos,21,7,1
Davi Farid,Brazil,1990,RM,1.62,76.18,Santos,44,37,29
Severino Teixeira,Brazil,1993,LM,1.57,74.63,Santos,51,10,19
José Natura,Brazil,1993,LM,1.85,66.77,Santos,22,42,1
Rodrigo Falcao,Brazil,2001,LM,1.8,73.75,Santos,21,22,11
Leandrinho Laranja,Brazil,2005,SS,1.94,82.99,Santos,50,16,24
Luiz Matheus Aquila,Brazil,1990,SS,1.54,61.26,Santos,42,56,14
Carlos Daniel Inacio,Brazil,2000,SS,1.84,76.09,Santos,58,60,7
Aderson dos Santos,Brazil,2000,WG,1.92,76.03,Santos,46,1,32
Levi Rios,Brazil,2002,WG,1.8,81.98,Santos,41,28,24
Diogo Alencar,Brazil,2000,WG,1.78,72.07,Santos,18,17,15
Vando Rios,Brazil,1999,CF,1.81,79.14,Santos,16,30,15
Lorenzo Hoffman,Brazil,1997,CF,1.72,66.41,Santos,54,41,0
Lucca D'avila,Brazil,1997,CF,1.7,75.87,Santos,6,33
Filipe Cazares,Brazil,2004,AM,1.77,71.52,São Paulo,0,0,0
Saulo Militão,Brazil,1999,AM,1.84,74.77,São Paulo,58,78,23
Vina Cella,Brazil,2005,AM,1.95,66.73,São Paulo,9,15,8
André Alboquerque,Brazil,1992,RM,1.91,73.4,São Paulo,56,9,46
Cezar Farid,Brazil,1995,RM,1.77,74.59,São Paulo,26,45,22
Tito Grilo,Brazil,1992,RM,1.77,66.69,São Paulo,74,7
Eduardo Fabil,Brazil,1995,LM,1.68,76.5,São Paulo,26,52,19
Aracel Pacheco,Brazil,1992,LM,1.96,69.18,São Paulo,28,11,10
Sandrinho Oliveira,Brazil,1998,LM,1.71,62.93,São Paulo,28,29,6
Iguinho Hoffman,Brazil,1993,SS,1.72,85.66,São Paulo,21,2
Adriano Costa,Brazil,1995,SS,1.55,77.21,São Paulo,13,20,11
Filipe Frazan,Brazil,1996,SS,1.89,72.41,São Paulo,20,6,9
Valdir Roussef,Brazil,2006,WG,1.83,77.48,São Paulo,28,48,9
Deyverson Dolabela,Brazil,1994,WG,1.82,87.84,São Paulo,23,42,9
Carlos Alberto Diaz,Brazil,1993,WG,1.89,73.33,São Paulo,38,8,4
Muriel Aguiar,Brazil,2004,CF,1.64,75.62,São Paulo,60,12,13
Yorran Vasques,Brazil,1992,CF,1.65,71.96,São Paulo,32,14,19
Andrey Nara,Brazil,2005,CF,1.78,74.22,São Paulo,24,5,12
Gabu Valão,Brazil,2005,AM,1.73,68.02,Vasco da Gama,21,32,3
Sandro Costeira,Brazil,2005,AM,1.76,83.09,Vasco da Gama,60,80,3
Miguel Azevedo,Brazil,2000,AM,1.61,61.94,Vasco da Gama,32,42,16
Tales Betti,Brazil,1994,RM,1.84,84.39,Vasco da Gama,3,22
Evandro Vieira,Brazil,1989,RM,1.69,73.01,Vasco da Gama,59,54,28
João Gabriel Couto,Brazil,2006,RM,1.72,78.01,Vasco da Gama,46,78,33
Nataniel D'avila,Brazil,1997,LM,1.6,87.94,Vasco da Gama,59,64,10
Aroldo Araujo,Brazil,2003,LM,1.6,69.29,Vasco da Gama,32,35,13
Wendel Cazares,Brazil,2004,LM,1.65,71.04,Vasco da Gama,35,14,30
Mario Reis,Brazil,1999,SS,1.78,61.93,Vasco da Gama,2,3,1
Elizandro Diaz,Brazil,1997,SS,1.89,75.85,Vasco da Gama,51,88,49
David Lysandro,Brazil,1999,SS,1.53,75.52,Vasco da Gama,33,9,26
Tião Paes,Brazil,1992,WG,1.85,80.57,Vasco da Gama,31,33,4
Carlos Casemiro,Brazil,2000,WG,1.8,79.08,Vasco da Gama,60,85,24
Tião Teixeira,Brazil,1996,WG,1.86,75.44,Vasco da Gama,28,28,8
Romilton Lemos,Brazil,1993,CF,1.81,74.78,Vasco da Gama,49,13,26
Waguininho Aguila,Brazil,1996,CF,1.85,67.55,Vasco da Gama,59,112,21
Vanderson de Castro,Brazil,1992,CF,1.67,78.43,Vasco da Gama,22,28,7
Jorge Pulido,Argentina,1989,AM,1.63,77.4,Argentinos Juniors,25,47,24
Leandro Hendez,Colombia,1993,AM,1.66,73.84,Argentinos Juniors,45,36,22
Rubén Barajas,Uruguay,2003,AM,1.71,84.8,Argentinos Juniors,6,3,1
Hernán Gerez,Colombia,1997,RM,1.62,69.35,Argentinos Juniors,45,76,3
Estefano Menedez,Argentina,1995,RM,1.64,72.77,Argentinos Juniors,51,87,2
Juan Rojo,Uruguay,2004,RM,1.71,67.9,Argentinos Juniors,16,18,11
Patricio Trochez,Uruguay,1997,LM,1.82,82.41,Argentinos Juniors,3,6,2
Maxi Lucas,Argentina,2006,LM,1.78,77.57,Argentinos Juniors,41,56,21
Teodoro Milanez,Uruguay,2003,LM,1.61,76.71,Argentinos Juniors,59,5,31
Alberto Rojo,Colombia,1991,SS,1.67,75.27,Argentinos Juniors,28,40,18
Angel Urbaez,Argentina,2002,SS,1.81,75.76,Argentinos Juniors,1018,10
Emiliano Chayrez,Uruguay,2001,SS,1.74,83.73,Argentinos Juniors,54,42,40
Rubén Ibanez,Argentina,1993,WG,1.76,71.28,Argentinos Juniors,21,39,18
Miguel Casanova,Colombia,2003,WG,1.64,71.96,Argentinos Juniors,15,19,4
Germán Valquez,Argentina,2004,WG,1.72,73.08,Argentinos Juniors,38,27,11
Juan Acevez,Colombia,2000,CF,1.87,77.88,Argentinos Juniors,29,27,26
Angelo Ayala,Colombia,1997,CF,1.79,73.59,Argentinos Juniors,27,32,8
Joaquin Perezrodriguez,Argentina,2003,CF,1.61,70.19,Argentinos Juniors,38,61,20
Enzo Alvarenga,Uruguay,1989,AM,1.71,85.75,Arsenal,43,61,0
Germán Blanco,Uruguay,1996,AM,1.68,75.89,Arsenal,57,27,48
Giovani Juarez,Argentina,2006,AM,1.69,71.76,Arsenal,41,4,23
Omar Nuno,Colombia,1992,RM,1.57,82.46,Arsenal,35,55,23
Fernando Diazperez,Colombia,1995,RM,1.7,72.83,Arsenal,24,19,8
Nehuén Casanova,Colombia,1995,RM,1.81,72.32,Arsenal,10,20,2
Enzo Delatorre,Colombia,1989,LM,1.87,62.0,Arsenal,43,55,5
Didiér Alexander,Argentina,2003,LM,1.84,82.34,Arsenal,19,33,6
Germán Noguez,Colombia,1993,LM,1.79,77.43,Arsenal,17,32,11
Lucas Camacho,Argentina,1996,SS,1.86,78.88,Arsenal,18,33,12
Francisco Magallon,Colombia,2003,SS,1.86,78.24,Arsenal,33,14,12
Didiér Gamez,Argentina,1993,SS,1.68,73.14,Arsenal,1,1,0
Hernán Encarnacion,Uruguay,2004,WG,1.74,75.07,Arsenal,16,17,14
Franco Barela,Uruguay,1997,WG,1.82,68.44,Arsenal,35,3
Didiér Jones,Uruguay,2002,WG,1.68,81.95,Arsenal,1632,16
Rubén Zamudio,Argentina,2002,CF,1.73,76.13,Arsenal,24,0,16
Fabián Santana,Uruguay,2001,CF,1.82,69.39,Arsenal,31,44,4
Germán Olivera,Uruguay,1990,CF,1.7,72.24,Arsenal,5281,52
Patricio Hafeez,Argentina,1997,AM,1.72,69.63,Atlético Tucumán,60,110,7
Didiér Oliverez,Argentina,2000,AM,1.79,76.43,Atlético Tucumán,230,23
Brayan Delvalle,Colombia,2005,AM,1.7,69.79,Atlético Tucumán,54,20,28
Agustin Anaya,Argentina,1995,RM,1.76,73.01,Atlético Tucumán,60,29,5
Nicolás Mares,Argentina,2002,RM,1.67,65.51,Atlético Tucumán,30,18,27
Agustin Devillez,Argentina,2002,RM,1.65,66.71,Atlético Tucumán,48,45,34
Héctor Salguero,Uruguay,1991,LM,1.71,67.07,Atlético Tucumán,58,5
Iván Lujan,Uruguay,1999,LM,1.67,79.74,Atlético Tucumán,50,57,23
Carlito Vilchez,Uruguay,1997,LM,1.69,69.04,Atlético Tucumán,40,80,2
Rafael Rodrigues,Colombia,2005,SS,1.75,64.81,Atlético Tucumán,57,55,49
Rodrigo Lozada,Colombia,1999,SS,1.81,66.27,Atlético Tucumán,11,22,3
Lautaro Alonso,Argentina,1999,SS,1.71,82.71,Atlético Tucumán,57,114,46
Frederico Lizarraga,Uruguay,1992,WG,1.83,80.24,Atlético Tucumán,31,29,28
Francisco Urias,Colombia,1992,WG,1.91,72.02,Atlético Tucumán,53,49,8
Lucas Bojorquez,Colombia,1999,WG,1.71,73.66,Atlético Tucumán,10,99
Carlito Aguero,Colombia,1989,CF,1.7,78.79,Atlético Tucumán,40,33,4
Joaquin dos Santos,Uruguay,1995,CF,1.78,75.89,Atlético Tucumán,23,4,12
Guido Ovalle,Uruguay,1993,CF,1.62,71.91,Atlético Tucumán,59,15,48
Didiér Ortizmartinez,Colombia,1991,AM,1.73,74.66,Banfield,24,35,23
Angel Sarmiento,Colombia,2006,AM,1.82,75.0,Banfield,58,75,55
José Monzon,Colombia,1995,AM,1.77,82.28,Banfield,42,32,20
Franco Burgos,Colombia,2006,RM,1.66,76.76,Banfield,39,0,29
Jarrinson Castellon,Colombia,1995,RM,1.7,75.41,Banfield,15,23,8
Javier Olguin,Argentina,2001,RM,1.66,65.63,Banfield,20,2
Teodoro Russell,Uruguay,1989,LM,1.9,83.2,Banfield,55,64,3
Teodoro Delafuente,Argentina,1993,LM,1.87,67.23,Banfield,40,69,22
Enrique Umana,Colombia,2003,LM,1.64,78.49,Banfield,38,16,7
Guillermo Negrete,Uruguay,1998,SS,1.7,71.68,Banfield,56,65,45
Rocco Rangel,Colombia,2005,SS,1.74,76.8,Banfield,32,51,16
José Manjarrez,Colombia,2005,SS,1.85,85.5,Banfield,26,7,25
Guido Baez,Argentina,2006,WG,1.75,81.37,Banfield,35,11,31
Alberto Adams,Uruguay,1992,WG,1.84,77.12,Banfield,35,29,17
Christian Cruzperez,Colombia,1995,WG,1.6,82.86,Banfield,31,3
Carlito Jurez,Colombia,2001,CF,1.79,70.97,Banfield,18,26,13
José Corrales,Uruguay,1994,CF,1.8,74.44,Banfield,11,1,8
Rodrigo Ivanez,Uruguay,2001,CF,1.81,75.32,Banfield,49,42,7
Lautaro Abrego,Colombia,1989,AM,1.71,76.05,Barracas Central,35,9,1
Teófilo Zavala,Argentina,2006,AM,1.75,82.35,Barracas Central,40,51,39
Aldo Floresgonzalez,Colombia,1990,AM,1.86,76.78,Barracas Central,17,3,8
Piero dos Santos,Uruguay,1999,RM,1.9,77.49,Barracas Central,45,63,25
Miguel Dejesus,Argentina,1999,RM,1.61,76.35,Barracas Central,12,24,6
Fabián Lima,Uruguay,1993,RM,1.72,74.89,Barracas Central,51,86,0
Alberto Adame,Uruguay,1990,LM,1.61,70.88,Barracas Central,54,64,24
Miguel Elizalde,Colombia,1998,LM,1.94,67.19,Barracas Central,32,61,13
Patricio Arteaga,Uruguay,1996,LM,1.69,79.32,Barracas Central,18,3,7
Guillermo Herendez,Uruguay,2003,SS,1.74,76.15,Barracas Central,0,0,0
Christian Almeida,Argentina,1996,SS,1.57,80.86,Barracas Central,1,1,0
Santiago Juarez,Uruguay,2006,SS,1.83,74.38,Barracas Central,44,37,28
Rubén Escobedo,Uruguay,2003,WG,1.63,81.38,Barracas Central,44,76,33
Paolo Chayrez,Uruguay,1989,WG,1.72,68.58,Barracas Central,37,4,18
Benicio Velasco,Argentina,2001,WG,1.65,77.18,Barracas Central,35,59,32
Giovani Yoguez,Argentina,1991,CF,1.79,67.05,Barracas Central,48,91,44
Joan Carrasquillo,Argentina,1994,CF,1.85,67.99,Barracas Central,5,6,2
Miguel Gochez,Argentina,2001,CF,1.73,84.25,Barracas Central,57,79,29
Teodoro Arias,Uruguay,2004,AM,1.68,77.8,Belgrano,26,35,4
Andrés Vergara,Colombia,1997,AM,1.65,88.61,Belgrano,51,23,14
Jarrinson Henderson,Colombia,1996,AM,1.69,65.97,Belgrano,8,1,2
Leandro Palma,Uruguay,1997,RM,1.8,73.94,Belgrano,45,0,4
Stiven Sanchezsanchez,Uruguay,2006,RM,1.6,78.74,Belgrano,28,52,0
Nicolás Servantez,Uruguay,1999,RM,1.92,84.71,Belgrano,15,29,9
Exequiel Landa,Colombia,1997,LM,1.6,65.61,Belgrano,18,17,16
Teodoro Orona,Uruguay,2003,LM,1.77,64.54,Belgrano,43,15,36
Guido Portillo,Uruguay,1991,LM,1.58,68.93,Belgrano,13,4,3
Teófilo Salazar,Colombia,2002,SS,1.67,82.5,Belgrano,27,52,11
Tomás Cook,Uruguay,1992,SS,1.89,78.08,Belgrano,48,6,12
Exequiel Gavilanez,Argentina,2006,SS,1.92,86.47,Belgrano,50,52,36
Guillermo Anez,Uruguay,1996,WG,1.83,83.84,Belgrano,8,9,3
Juan Arreola,Argentina,1993,WG,1.88,80.01,Belgrano,33,42,25
Hermán Campbell,Colombia,1999,WG,1.76,75.27,Belgrano,9,8,7
Franco Berrelez,Colombia,1995,CF,1.52,80.2,Belgrano,41,79,7
Jarrinson Leija,Argentina,1990,CF,1.82,74.29,Belgrano,35,65,16
Maxi Saez,Argentina,1995,CF,1.71,74.01,Belgrano,9,10,8
Angel Garza,Argentina,1994,AM,1.91,62.37,Boca Juniors,29,25,24
Alberto Torresmartinez,Colombia,1997,AM,1.65,67.17,Boca Juniors,27,4,9
Eugenio Idiaquez,Uruguay,2000,AM,1.51,75.81,Boca Juniors,38,63,10
Piero Lopezlopez,Uruguay,1998,RM,1.64,69.75,Boca Juniors,37,62,18
Diego Taveras,Uruguay,2002,RM,1.7,81.12,Boca Juniors,38,55,13
Yamir Orona,Uruguay,1994,RM,1.91,65.42,Boca Juniors,23,38,11
Fabián Quintana,Colombia,1997,LM,1.8,70.86,Boca Juniors,17,4,13
Giovani Barragan,Colombia,2002,LM,1.72,87.01,Boca Juniors,54,1,46
Patricio Miguez,Colombia,2004,LM,1.86,81.96,Boca Juniors,19,14,12
Lautaro Himenez,Uruguay,2001,SS,1.83,75.45,Boca Juniors,31,60,8
Diego Encarnacion,Colombia,2004,SS,1.8,84.24,Boca Juniors,37,53,26
Exequiel Yniguez,Uruguay,1994,SS,1.75,75.14,Boca Juniors,43,46,40
Enzo Prendez,Uruguay,2001,WG,1.55,71.85,Boca Juniors,19,20,4
Juan Apodaca,Uruguay,1993,WG,1.56,72.44,Boca Juniors,52,32,37
Didiér Alva,Uruguay,1995,WG,1.85,73.71,Boca Juniors,50,73,9
Guido Valladares,Colombia,2004,CF,1.64,77.7,Boca Juniors,59,110,19
Nicolás Lucio,Uruguay,2003,CF,1.7,64.36,Boca Juniors,22,0,13
Javier Cruzmartinez,Uruguay,1989,CF,1.69,82.37,Boca Juniors,45,4
Jorge Torres,Argentina,2002,AM,1.66,77.98,Central Córdoba (SdE),5,7,0
Didiér Balderrama,Uruguay,2002,AM,1.92,85.43,Central Córdoba (SdE),24,31,15
Sebastián Villeda,Argentina,2001,AM,1.71,72.38,Central Córdoba (SdE),27,11,9
Leandro Infante,Uruguay,2005,RM,1.6,78.28,Central Córdoba (SdE),53,15,38
Hernán Gochez,Colombia,2001,RM,1.79,64.22,Central Córdoba (SdE),40,29,30
Alfonso Llanez,Uruguay,1993,RM,1.9,76.42,Central Córdoba (SdE),41,28,23
Aldo Cedeno,Colombia,2003,LM,1.68,81.68,Central Córdoba (SdE),43,74,1
Germán Ortivez,Uruguay,2006,LM,1.7,75.41,Central Córdoba (SdE),3,0,2
Andrés Barnes,Argentina,1993,LM,1.51,76.94,Central Córdoba (SdE),60,39,23
Rubén Rivero,Colombia,1993,SS,1.71,77.27,Central Córdoba (SdE),27,4,20
Tomás King,Argentina,1989,SS,1.64,81.32,Central Córdoba (SdE),4,8,2
Stiven Carrion,Uruguay,1998,SS,1.77,74.32,Central Córdoba (SdE),20,44
Franco Jinenez,Uruguay,2006,WG,1.7,76.9,Central Córdoba (SdE),29,33,18
Germán Pascual,Uruguay,2003,WG,1.76,70.09,Central Córdoba (SdE),14,23,4
Frederico Beltran,Argentina,1993,WG,1.85,69.95,Central Córdoba (SdE),29,57,25
Hermán Parvez,Argentina,1992,CF,1.68,62.08,Central Córdoba (SdE),25,11,3
Hermán Cepeda,Colombia,2004,CF,1.82,70.44,Central Córdoba (SdE),29,11,20
Guillermo Rosas,Colombia,2000,CF,1.85,79.2,Central Córdoba (SdE),21,29,0
Sebastián Campbell,Argentina,2001,AM,1.83,84.66,Colón,11,12,10
Rodrigo Brown,Colombia,2001,AM,1.88,72.07,Colón,48,70,28
Guillermo Urias,Uruguay,2000,AM,1.77,78.81,Colón,36,0,13
Omar Charriez,Uruguay,1997,RM,1.66,82.33,Colón,22,12,6
Andrés Valles,Colombia,2005,RM,1.81,66.44,Colón,2,3,0
Sebastián Gonzalezperez,Argentina,1995,RM,1.71,80.27,Colón,2,4,1
Gustavo Bedolla,Uruguay,2006,LM,1.75,72.61,Colón,24,38,10
Maxi Rodguez,Uruguay,1990,LM,1.75,69.04,Colón,43,61,42
Enzo Roman,Argentina,1993,LM,1.7,68.98,Colón,37,1616
Rafael Cerda,Argentina,1990,SS,1.69,78.73,Colón,58,60,18
Rocco Gozalez,Colombia,1995,SS,1.83,78.24,Colón,10,1
Miguel Adamez,Argentina,1989,SS,1.73,71.6,Colón,4,0,0
Joan Valtierrez,Argentina,1998,WG,1.77,73.51,Colón,39,0,23
Guillermo Luevano,Colombia,2005,WG,1.65,78.84,Colón,44,80,24
Fernando Riveralopez,Argentina,1999,WG,1.79,79.08,Colón,15,18,9
Esteban Abarquez,Colombia,2001,CF,1.74,85.79,Colón,12,11
Teófilo Baltierrez,Uruguay,2005,CF,1.83,69.88,Colón,35,64,14
Carmelo Deltoro,Colombia,1989,CF,1.71,64.18,Colón,29,54,26
Iván Olmos,Uruguay,1998,AM,1.82,70.7,Defensa y Justicia,10,16,4
Tomás Alcantar,Uruguay,2004,AM,1.75,82.49,Defensa y Justicia,18,13,10
Andrés Lozano,Colombia,1992,AM,1.62,77.13,Defensa y Justicia,0,0,0
Juan Gonsalez,Colombia,2001,RM,1.87,78.79,Defensa y Justicia,35,42,9
Frederico Amaro,Colombia,2000,RM,1.61,69.02,Defensa y Justicia,12,14,7
Héctor Blasquez,Colombia,1999,RM,1.77,84.25,Defensa y Justicia,28,6,22
Paolo Carrillo,Uruguay,2002,LM,1.71,67.67,Defensa y Justicia,27,47,0
Brayan Soto,Uruguay,1996,LM,1.99,81.34,Defensa y Justicia,10,18,4
Sebastián Deprez,Argentina,2005,LM,1.71,84.28,Defensa y Justicia,41,62,10
Brayan Gonzalezlopez,Uruguay,2003,SS,1.74,71.42,Defensa y Justicia,38,25,6
Alfonso Suarez,Uruguay,2001,SS,1.89,82.83,Defensa y Justicia,13,14,12
José Palomino,Colombia,1990,SS,1.76,84.91,Defensa y Justicia,45,21,33
Piero Hurtado,Argentina,1998,WG,1.67,81.32,Defensa y Justicia,24,11,9
Héctor Deluna,Uruguay,1994,WG,1.62,70.11,Defensa y Justicia,47,68,2
Maxi Sanabria,Uruguay,2000,WG,1.67,70.34,Defensa y Justicia,7,0,3
Alberto Frias,Uruguay,2005,CF,1.94,81.84,Defensa y Justicia,30,53,29
Benicio Beltran,Colombia,1989,CF,1.68,73.62,Defensa y Justicia,53,29,46
Jarrinson Rochez,Uruguay,1989,CF,1.68,63.18,Defensa y Justicia,13,23,1
Rafael Benavides,Argentina,1996,AM,1.88,73.6,Estudiantes (LP),21,21,5
Angelo Iniguez,Colombia,2006,AM,1.69,68.86,Estudiantes (LP),0,0,0
Joaquin Bautista,Colombia,1993,AM,1.93,78.89,Estudiantes (LP),44,68,23
Frederico de Arrascaeta,Uruguay,1997,RM,1.8,79.2,Estudiantes (LP),11,17,2
Miguel Chairez,Uruguay,1995,RM,1.92,65.85,Estudiantes (LP),18,29,6
Iván Manzo,Colombia,1991,RM,1.99,75.23,Estudiantes (LP),45,43,1
Juan Castano,Uruguay,2005,LM,1.7,62.82,Estudiantes (LP),3764,37
Stiven Rios,Argentina,1991,LM,1.76,75.48,Estudiantes (LP),10,17,7
Patricio Gonzalez,Uruguay,2002,LM,1.66,87.1,Estudiantes (LP),28,41,15
Héctor Belez,Argentina,1993,SS,1.62,71.4,Estudiantes (LP),37,30,28
Nicolás Ovalle,Uruguay,1999,SS,1.78,68.7,Estudiantes (LP),24,16,21
Jarrinson Alonso,Colombia,1989,SS,1.88,74.36,Estudiantes (LP),35,38,29
Héctor Lopezlopez,Colombia,1991,WG,1.72,71.51,Estudiantes (LP),36,27,12
Enzo Melgar,Colombia,2002,WG,1.73,82.3,Estudiantes (LP),54,6,3
Yamir Batista,Uruguay,2000,WG,1.68,84.21,Estudiantes (LP),59,30,35
Guido Ibanez,Colombia,1997,CF,1.8,78.77,Estudiantes (LP),22,20,5
Stiven Paez,Colombia,2002,CF,1.91,62.09,Estudiantes (LP),43,16,35
Francisco Torresperez,Uruguay,2000,CF,1.9,83.76,Estudiantes (LP),49,59,5
Frederico Noriega,Uruguay,1997,AM,1.74,84.21,Gimnasia y Esgrima (LP),46,34,28
Sebastián Ponce,Colombia,1999,AM,1.71,78.32,Gimnasia y Esgrima (LP),36,46,35
Giovani Hurtado,Argentina,1990,AM,1.71,76.34,Gimnasia y Esgrima (LP),15,99
Rodrigo Ortivez,Uruguay,1996,RM,1.74,68.28,Gimnasia y Esgrima (LP),32,47,8
Maxi Castellon,Colombia,1997,RM,1.85,70.32,Gimnasia y Esgrima (LP),52,80,26
Estefano Berrios,Uruguay,1989,RM,1.53,78.02,Gimnasia y Esgrima (LP),1,2,0
Guillermo Matias,Argentina,2003,LM,1.61,87.61,Gimnasia y Esgrima (LP),20,2
Juan Riveragonzalez,Argentina,2005,LM,1.72,68.13,Gimnasia y Esgrima (LP),45,51,7
Germán Arismendez,Uruguay,2003,LM,1.69,62.71,Gimnasia y Esgrima (LP),19,19,4
Enzo Jimenez,Uruguay,1999,SS,1.76,72.37,Gimnasia y Esgrima (LP),26,47,24
Estefano Cheverez,Colombia,2003,SS,1.69,74.87,Gimnasia y Esgrima (LP),7,55
Andrés Veloz,Uruguay,1996,SS,1.84,70.4,Gimnasia y Esgrima (LP),54,31,11
Jarrinson Alba,Colombia,1996,WG,1.74,64.16,Gimnasia y Esgrima (LP),47,80,41
Hernán Godinez,Argentina,1995,WG,1.86,77.14,Gimnasia y Esgrima (LP),41,40,16
Rafael Trinidad,Colombia,1990,WG,1.78,84.83,Gimnasia y Esgrima (LP),111
Nehuén Arvizu,Colombia,1992,CF,1.79,72.71,Gimnasia y Esgrima (LP),16,6,4
Agustin Rizo,Colombia,1994,CF,1.9,74.92,Gimnasia y Esgrima (LP),43,4
Yamir Marez,Argentina,2006,CF,1.82,80.72,Gimnasia y Esgrima (LP),111
Christian Chacon,Uruguay,2002,AM,1.77,84.25,Godoy Cruz,14,8,0
Guillermo Recendez,Argentina,1998,AM,1.8,62.43,Godoy Cruz,16,21,7
Maxi Granados,Colombia,1995,AM,1.94,74.65,Godoy Cruz,37,68,11
Enzo Sorto,Argentina,1994,RM,1.82,74.07,Godoy Cruz,36,14,12
Rubén Jinenez,Colombia,2001,RM,1.75,68.14,Godoy Cruz,56,20,23
Benicio Ocampo,Argentina,1990,RM,1.59,79.14,Godoy Cruz,8,6,2
Yamir Garciaperez,Argentina,1995,LM,1.76,74.53,Godoy Cruz,40,70,37
Estefano Hurtado,Argentina,2003,LM,1.7,71.25,Godoy Cruz,52,55,24
Jorge Terriquez,Uruguay,1990,LM,1.84,77.64,Godoy Cruz,37,62,4
Christian Urdialez,Uruguay,1989,SS,1.68,73.88,Godoy Cruz,58,97,28
Teodoro Villegas,Uruguay,1998,SS,1.86,84.48,Godoy Cruz,23,2
Andrés Gurrola,Colombia,1990,SS,1.82,72.39,Godoy Cruz,7,1,4
Lucas Nelson,Argentina,1993,WG,1.63,84.75,Godoy Cruz,36,69,18
Lucas Terriquez,Colombia,2005,WG,1.81,70.65,Godoy Cruz,40,12,15
Benicio Johnson,Uruguay,1996,WG,1.87,73.51,Godoy Cruz,28,45,9
Piero Lorenzo,Uruguay,2005,CF,1.85,73.45,Godoy Cruz,0,0,0
Francisco Alfaro,Uruguay,1996,CF,1.79,72.9,Godoy Cruz,6,2,4
Benicio Quevedo,Colombia,1999,CF,1.74,85.26,Godoy Cruz,31,33,6
Joan Villagomez,Argentina,1999,AM,1.67,77.11,Huracán,19,26,8
Christian Peralez,Argentina,1998,AM,1.83,78.12,Huracán,31,25,15
Guillermo Perchez,Uruguay,1990,AM,1.93,71.21,Huracán,25,39,9
Giovani Gonsalez,Colombia,1990,RM,1.66,79.67,Huracán,8,13,1
Brayan Beniquez,Colombia,1991,RM,1.74,67.75,Huracán,41,39,9
Rocco Nez,Uruguay,2002,RM,1.82,64.95,Huracán,44,0,3
Germán Long,Argentina,1991,LM,1.6,62.03,Huracán,31,27,0
Héctor Corrales,Colombia,1991,LM,1.87,68.41,Huracán,4,0,3
Iván Salas,Uruguay,1989,LM,1.78,64.81,Huracán,711,7
Rodrigo Polanco,Uruguay,2005,SS,1.53,65.86,Huracán,58,9,31
Teófilo Rameriez,Argentina,2005,SS,1.75,65.48,Huracán,49,98,21
Fabián Vega,Argentina,2001,SS,1.82,76.72,Huracán,43,78,41
Alejandro Conzalez,Colombia,2004,WG,1.68,83.3,Huracán,44,38,35
Paolo Velardez,Argentina,1991,WG,1.86,75.34,Huracán,19,1111
Carlito Ordunez,Colombia,1996,WG,1.64,74.58,Huracán,7,5,3
Exequiel Bermudez,Uruguay,1990,CF,1.95,84.51,Huracán,13,16,4
Javier Prieto,Argentina,2001,CF,1.73,74.08,Huracán,17,23,13
Tomás Cintron,Colombia,2003,CF,1.75,88.34,Huracán,11,3,5
Alberto Rezendez,Uruguay,1998,AM,1.62,65.95,Independiente,28,38,14
Rodrigo Samaniego,Argentina,2003,AM,1.77,76.63,Independiente,13,10,3
Hermán Idiaquez,Uruguay,1995,AM,1.6,75.49,Independiente,42,61,6
Nehuén Valdez,Uruguay,1992,RM,1.82,85.51,Independiente,0,0,0
Maxi Castillo,Uruguay,1997,RM,1.66,84.81,Independiente,45,27,37
Hernán Vaca,Colombia,2003,RM,1.52,80.44,Independiente,47,82,20
Hernán Bravo,Argentina,1995,LM,1.74,83.75,Independiente,52,75,45
Maxi Quiroga,Uruguay,1999,LM,1.69,72.23,Independiente,9,13,5
Maxi Conzalez,Colombia,2006,LM,1.83,81.17,Independiente,52,43,6
Rocco Esparza,Argentina,1996,SS,1.83,77.46,Independiente,0,0,0
Carmelo Arana,Colombia,2006,SS,1.73,65.09,Independiente,0,0,0
Nehuén Miller,Argentina,1996,SS,1.57,77.01,Independiente,25,4,15
Hermán Benitez,Colombia,1998,WG,1.9,70.18,Independiente,54,98,3
Angel Minguez,Uruguay,1997,WG,1.79,79.14,Independiente,12,6,7
Diego Leyva,Uruguay,1992,WG,1.66,71.88,Independiente,53,45,52
Jarrinson Ledezma,Colombia,2002,CF,1.69,79.91,Independiente,60,28,8
Giovani De La Muerte,Uruguay,1996,CF,1.63,68.73,Independiente,38,28,30
Agustin Cruzlopez,Uruguay,1989,CF,1.68,66.71,Independiente,21,5,16
Jarrinson Hernaez,Argentina,2006,AM,1.72,74.9,Instituto,33,24,10
Omar Landeros,Colombia,2002,AM,1.74,81.46,Instituto,129,12
Andrés Azeez,Argentina,1993,AM,1.88,71.15,Instituto,4,5,3
Frederico Valladarez,Uruguay,1991,RM,1.66,81.15,Instituto,20,36,15
Leandro Valazquez,Uruguay,1997,RM,1.9,79.18,Instituto,48,89,3
Rafael Alcantar,Uruguay,1989,RM,1.89,79.29,Instituto,15,17,0
Stiven Perezperez,Argentina,1991,LM,1.72,83.78,Instituto,58,91,7
Andrés Palacios,Uruguay,2004,LM,1.89,78.9,Instituto,28,39,9
Leandro Cardoza,Argentina,1989,LM,1.88,75.69,Instituto,33,21,23
Guillermo Ross,Argentina,2003,SS,1.81,73.84,Instituto,7,3,0
Juan Arango,Argentina,2000,SS,1.84,75.15,Instituto,44,71,35
Agustin Guterrez,Uruguay,1994,SS,1.62,78.81,Instituto,36,39,25
Frederico Juarez,Uruguay,1995,WG,1.72,69.06,Instituto,19,31,13
Javier Conde,Argentina,1993,WG,1.78,83.04,Instituto,26,38,9
Christian Ortizsanchez,Uruguay,1996,WG,1.69,71.38,Instituto,49,32,10
Juan Veloz,Colombia,1998,CF,1.63,78.69,Instituto,56,12,8
Angel Betancourt,Colombia,2005,CF,1.73,76.26,Instituto,26,38,21
Rocco Quesada,Uruguay,2006,CF,1.9,80.47,Instituto,12,13,1
Patricio Menez,Colombia,2002,AM,1.95,73.72,Lanús,46,72,39
Paolo Nartinez,Colombia,2005,AM,1.73,75.06,Lanús,8,5,1
Omar Roriguez,Argentina,2003,AM,1.75,70.63,Lanús,3,4,1
Aldo Gil,Uruguay,1997,RM,1.78,69.35,Lanús,50,23,47
Jorge Pinedo,Colombia,1992,RM,1.77,67.3,Lanús,20,24,3
Guillermo James,Argentina,1990,RM,1.73,70.86,Lanús,50,38,47
Agustin Govea,Colombia,1992,LM,1.67,73.7,Lanús,29,7,4
Rafael Trochez,Uruguay,1997,LM,1.61,70.7,Lanús,19,19,13
Jorge Ebanez,Colombia,1989,LM,1.81,78.73,Lanús,36,66,12
Lautaro Gil,Argentina,2005,SS,1.73,77.56,Lanús,10,8,1
Alfonso Maltez,Argentina,1991,SS,1.72,70.19,Lanús,26,22,11
Diego Orta,Uruguay,1991,SS,1.62,82.55,Lanús,11,13,10
Juan Miguel,Colombia,2000,WG,1.83,81.0,Lanús,8,16,7
Miguel Taylor,Argentina,1990,WG,1.69,83.06,Lanús,10,11,6
Esteban Juarez,Uruguay,1999,WG,1.54,70.11,Lanús,4,0,2
Enzo Ramos,Argentina,1994,CF,1.71,66.31,Lanús,59,84,39
Enrique Puente,Uruguay,2001,CF,1.8,75.11,Lanús,0,0,0
Carlito Gallardo,Uruguay,2003,CF,1.61,66.35,Lanús,43,23,25
Omar Cruzperez,Argentina,1989,AM,1.77,75.94,Newell's Old Boys,33,21,27
Paolo Gunzalez,Colombia,1999,AM,1.68,68.57,Newell's Old Boys,28,3,7
Diego Maduro,Argentina,1995,AM,1.59,72.41,Newell's Old Boys,26,46,6
Hernán Ruizmartinez,Colombia,2002,RM,1.78,65.41,Newell's Old Boys,40,46,36
Stiven Hall,Uruguay,1990,RM,1.71,87.16,Newell's Old Boys,18,20,12
Emiliano Monreal,Uruguay,2002,RM,1.91,77.95,Newell's Old Boys,50,62,43
Enrique Jordan,Colombia,1991,LM,1.65,64.23,Newell's Old Boys,53,68,16
Yamir Mansanarez,Argentina,1994,LM,1.9,71.59,Newell's Old Boys,48,32,44
Héctor Manez,Argentina,2006,LM,1.9,66.35,Newell's Old Boys,1412,14
Guido Davis,Argentina,2001,SS,1.53,68.03,Newell's Old Boys,27,54,0
Eugenio Najera,Uruguay,2001,SS,1.84,68.74,Newell's Old Boys,24,28,8
Lautaro Araujo,Colombia,1998,SS,1.85,63.63,Newell's Old Boys,23,16,5
Javier Cortez,Colombia,1996,WG,1.77,79.57,Newell's Old Boys,25,13,18
Stiven Fontanez,Argentina,1995,WG,1.75,70.23,Newell's Old Boys,17,20,9
Maxi Arreguin,Argentina,2000,WG,1.61,78.24,Newell's Old Boys,50,47,41
Juan Rubio,Colombia,1994,CF,1.7,70.17,Newell's Old Boys,46,81,6
Andrés Jaquez,Argentina,1992,CF,1.74,88.05,Newell's Old Boys,55,38,49
Santiago Valdillez,Colombia,2003,CF,1.86,76.47,Newell's Old Boys,10,8,5
Benicio Abarca,Uruguay,1990,AM,1.79,81.9,Platense,32,26,9
Teodoro Guevara,Uruguay,1997,AM,1.84,71.59,Platense,40,64,15
Esteban Albarran,Uruguay,2005,AM,1.74,75.9,Platense,57,64,31
Omar Ruizsanchez,Colombia,1993,RM,1.55,74.66,Platense,45,9,31
Jorge Beauprez,Uruguay,2002,RM,1.73,73.42,Platense,51,46,38
Sebastián Velaquez,Colombia,1992,RM,1.52,68.96,Platense,45,2,31
Gustavo Lopez,Uruguay,1993,LM,1.57,68.88,Platense,8,1,4
Francisco Dominquez,Colombia,1991,LM,1.75,78.5,Platense,57,10,46
Rubén Barajas,Colombia,2004,LM,1.57,74.92,Platense,3,2,0
Agustin Martinezgomez,Argentina,2001,SS,1.68,88.83,Platense,52,23,14
Emiliano Dominguez,Argentina,2006,SS,1.68,70.11,Platense,40,21,20
Christian Magallanez,Uruguay,2001,SS,1.7,80.28,Platense,56,24,51
Teófilo Cheverez,Argentina,1992,WG,1.74,76.52,Platense,51,100,45
Omar Estevez,Colombia,1996,WG,1.54,74.24,Platense,24,10,2
Franco Reynolds,Colombia,1991,WG,1.82,66.48,Platense,46,41,24
Tomás Borquez,Colombia,1997,CF,1.74,61.59,Platense,11,21,5
Paolo Yoguez,Colombia,2006,CF,1.75,68.05,Platense,24,43,7
Estefano Diazperez,Colombia,2002,CF,1.7,76.89,Platense,31,34,1
Piero Guterrez,Colombia,1999,AM,1.72,75.93,Racing,44,23,26
Hernán Numez,Argentina,1994,AM,1.79,85.42,Racing,58,85,13
Andrés Acosta,Argentina,1993,AM,1.78,67.16,Racing,29,49,14
Rafael Rameriez,Colombia,1999,RM,1.78,75.87,Racing,24,31,8
José Alavez,Colombia,2002,RM,1.79,65.4,Racing,18,27,14
Exequiel Roriguez,Uruguay,2004,RM,1.8,77.1,Racing,17,21,5
Piero Rojas,Colombia,2006,LM,1.54,67.6,Racing,21,23,2
Eugenio Parez,Uruguay,1995,LM,1.62,77.91,Racing,5445,54
Estefano Ruiz,Colombia,1992,LM,1.92,72.61,Racing,52,29,31
Lucas Gopez,Argentina,2006,SS,1.66,77.95,Racing,30,50,19
Giovani Lucero,Colombia,1995,SS,1.84,78.03,Racing,16,10,11
Rocco Viramontez,Colombia,1995,SS,1.75,78.68,Racing,5,0,0
José Himenez,Colombia,1992,WG,1.78,81.54,Racing,58,5,21
Santiago Marte,Uruguay,2004,WG,1.9,76.12,Racing,40,12,37
Leandro Villeda,Argentina,2003,WG,1.87,66.0,Racing,6,0,4
Carmelo Chayrez,Argentina,2004,CF,1.83,79.18,Racing,50,19,44
Teófilo Perezlopez,Argentina,1995,CF,1.81,82.42,Racing,23,16,12
Juan Ascencio,Colombia,2000,CF,1.79,68.72,Racing,1629,16
Joan Mitchell,Uruguay,1997,AM,1.86,76.78,River Plate,11,6,0
Piero Riveraperez,Argentina,1991,AM,1.79,76.1,River Plate,16,24,3
Enrique Garcia,Uruguay,1989,AM,1.94,70.67,River Plate,55,102,24
Jorge Mercedez,Uruguay,1989,RM,1.56,79.62,River Plate,44,36,16
Teodoro Zamora,Uruguay,1998,RM,1.97,77.64,River Plate,52,88,5
José Montenegro,Colombia,1990,RM,1.82,75.78,River Plate,126,12
Nehuén Moralez,Uruguay,1991,LM,1.71,78.6,River Plate,33,25,20
Patricio Perezhernandez,Colombia,1996,LM,1.73,79.98,River Plate,33,51,12
Héctor Bell,Colombia,2005,LM,1.75,63.87,River Plate,33,8,19
Fabián Manjarrez,Uruguay,1991,SS,1.9,70.41,River Plate,36,32,17
Miguel Velazquez,Uruguay,2005,SS,1.85,70.83,River Plate,3,5,2
Juan Diazhernandez,Colombia,1993,SS,1.73,69.81,River Plate,16,13,6
Tomás Najera,Argentina,1991,WG,1.73,68.62,River Plate,23,20,12
Miguel Estevez,Colombia,1991,WG,1.73,70.83,River Plate,9,1,3
Brayan Oyervidez,Uruguay,2006,WG,1.77,81.89,River Plate,39,71,32
Nehuén Zayas,Uruguay,1992,CF,1.71,74.66,River Plate,57,42,3
Angel Dejesus,Argentina,1989,CF,1.86,64.58,River Plate,4,0,0
Jorge Fontanez,Argentina,2001,CF,1.62,73.1,River Plate,19,32,3
Exequiel Russell,Colombia,2004,AM,1.87,63.97,Rosario Central,49,56,24
Alejandro Zambrano,Colombia,2006,AM,1.79,72.7,Rosario Central,23,37,18
Christian Jackson,Argentina,1997,AM,1.62,81.58,Rosario Central,6,9,1
Rocco Ortez,Argentina,2004,RM,1.7,61.68,Rosario Central,31,42,3
Alberto Ramon,Argentina,2000,RM,1.83,66.46,Rosario Central,20,2
Joaquin Garciamendez,Uruguay,1990,RM,1.91,84.05,Rosario Central,25,42,6
Lucas Gonzelez,Uruguay,2006,LM,1.86,83.1,Rosario Central,48,78,1
Jarrinson Parker,Uruguay,1998,LM,1.64,64.39,Rosario Central,14,28,4
José Lira,Uruguay,1989,LM,1.71,76.93,Rosario Central,16,1,5
Omar Perezhernandez,Argentina,1997,SS,1.79,71.61,Rosario Central,27,17,19
Agustin Cardenas,Colombia,1989,SS,1.9,82.35,Rosario Central,32,50,17
Joaquin Santos,Uruguay,2003,SS,1.63,74.36,Rosario Central,41,55
Benicio Narvaez,Uruguay,1989,WG,1.92,79.49,Rosario Central,13,7,4
Miguel Ibarra,Uruguay,1996,WG,1.75,73.82,Rosario Central,23,44,8
Carmelo Corral,Colombia,2005,WG,1.81,70.92,Rosario Central,2,1,0
Carlito Rangel,Uruguay,2004,CF,1.83,68.51,Rosario Central,33,4,8
Emiliano Guitierez,Argentina,1998,CF,1.77,75.53,Rosario Central,20,36,8
Lautaro Bologna,Argentina,1992,CF,1.83,72.81,Rosario Central,11,10,1
Teófilo Castrolopez,Colombia,1989,AM,1.55,76.26,San Lorenzo,14,16,2
Sebastián Dejesus,Colombia,1989,AM,1.83,75.1,San Lorenzo,23,42,4
Javier Zeballos,Argentina,1989,AM,1.72,78.29,San Lorenzo,59,70,16
Carmelo Valverde,Uruguay,2001,RM,1.64,77.7,San Lorenzo,42,3,14
Francisco Ceballos,Colombia,2001,RM,1.62,79.56,San Lorenzo,1,0,0
Rafael Ruelas,Colombia,1993,RM,1.66,77.61,San Lorenzo,38,47,1
Franco Parker,Argentina,1997,LM,1.66,82.08,San Lorenzo,26,42,7
Brayan Sanchez,Uruguay,2000,LM,1.95,66.38,San Lorenzo,37,24,20
Maxi Echevarria,Argentina,1991,LM,1.61,67.65,San Lorenzo,14,15,5
Javier Nino,Colombia,2002,SS,1.61,71.93,San Lorenzo,5,9,4
Rocco Armenta,Colombia,1999,SS,1.81,77.79,San Lorenzo,34,59,12
Aldo Haro,Argentina,2005,SS,1.66,66.32,San Lorenzo,41,8,23
Nicolás Borja,Argentina,1997,WG,1.66,87.44,San Lorenzo,1,2,0
Enrique Ortizrodriguez,Colombia,1990,WG,1.6,75.58,San Lorenzo,40,23,7
Frederico Romo,Argentina,2000,WG,1.63,67.67,San Lorenzo,45,79,19
Estefano Valdes,Argentina,2000,CF,1.79,71.17,San Lorenzo,4,11
Joaquin Ortizrodriguez,Argentina,1992,CF,1.94,84.32,San Lorenzo,56,34,23
Brayan Mazariegos,Argentina,1996,CF,1.73,60.79,San Lorenzo,16,21,0
Franco Alicea,Argentina,1989,AM,1.59,66.52,Sarmiento (J),12,22
Jorge Garza,Uruguay,1999,AM,1.82,74.98,Sarmiento (J),50,35,46
Frederico Montoya,Uruguay,1994,AM,1.61,74.66,Sarmiento (J),22,38,17
Guido Maduro,Uruguay,1997,RM,1.65,80.17,Sarmiento (J),4167,41
Andrés Roldan,Colombia,1994,RM,1.53,85.72,Sarmiento (J),59,41,5
Enrique Alegria,Uruguay,2000,RM,1.66,75.41,Sarmiento (J),19,20,9
Diego Marinez,Colombia,1989,LM,1.72,82.09,Sarmiento (J),60,1,32
Joaquin Villagomez,Argentina,1997,LM,1.91,77.24,Sarmiento (J),41,59,0
Santiago Rendon,Argentina,1998,LM,1.91,76.17,Sarmiento (J),23,29,13
Miguel Loredo,Uruguay,1990,SS,1.69,78.8,Sarmiento (J),14,21,11
Guido Alcantar,Argentina,1999,SS,1.88,85.2,Sarmiento (J),38,2,37
Lucas Hernandez,Uruguay,2003,SS,1.86,71.19,Sarmiento (J),17,6,7
Francisco Fierro,Argentina,1990,WG,1.7,68.42,Sarmiento (J),10,55
Javier Quintero,Colombia,1994,WG,1.69,71.08,Sarmiento (J),38,73,14
Iván Delacruz,Argentina,1996,WG,1.76,80.46,Sarmiento (J),54,23,25
Esteban Hernanez,Uruguay,1990,CF,1.87,77.69,Sarmiento (J),41,12,14
Rodrigo Knez,Argentina,1993,CF,1.74,79.36,Sarmiento (J),17,10,4
Giovani Archuleta,Uruguay,1993,CF,1.75,70.83,Sarmiento (J),18,8,2
Franco Valdez,Colombia,1996,AM,1.95,72.56,Talleres (C),2,1,0
Rodrigo Velazquez,Uruguay,1998,AM,1.79,79.39,Talleres (C),32,13,4
Stiven Barajas,Colombia,1994,AM,1.89,69.39,Talleres (C),56,74,23
Francisco Rodriguezperez,Colombia,1996,RM,1.83,65.57,Talleres (C),22,36,15
Guido Himenez,Argentina,2005,RM,1.84,71.62,Talleres (C),9,1,8
Enrique Renteria,Uruguay,2005,RM,1.6,76.81,Talleres (C),28,47,5
Francisco Ojeda,Argentina,1991,LM,1.63,76.73,Talleres (C),57,9,27
Miguel Ozuna,Uruguay,1990,LM,1.7,73.14,Talleres (C),23,31,6
Alfonso Gamez,Uruguay,2000,LM,1.7,74.87,Talleres (C),59,18,13
Diego Seanez,Colombia,2001,SS,1.89,64.01,Talleres (C),43,40,5
Javier Sanches,Argentina,2000,SS,1.77,68.26,Talleres (C),57,63,1
Alberto Reynolds,Colombia,2004,SS,1.77,76.92,Talleres (C),9,18,3
Francisco Antunez,Colombia,2004,WG,1.92,70.43,Talleres (C),45,28,43
Andrés Tobar,Argentina,2003,WG,1.79,84.36,Talleres (C),27,39,14
Andrés Parra,Uruguay,1994,WG,1.74,76.7,Talleres (C),20,12,8
Angel Granados,Colombia,2006,CF,1.85,75.51,Talleres (C),11,7,6
Hernán Ochoa,Colombia,1992,CF,1.72,85.94,Talleres (C),32,3,15
Esteban Zelaya,Argentina,2002,CF,1.81,76.8,Talleres (C),51,54,45
Hernán Delacruz,Argentina,1994,AM,1.78,67.24,Tigre,53,52,18
Christian Conzalez,Argentina,1996,AM,1.64,62.29,Tigre,52,31,48
Diego Lopezrodriguez,Argentina,2002,AM,1.88,80.14,Tigre,9,11,6
Lucas Cuellar,Uruguay,2004,RM,1.72,68.21,Tigre,31,13,11
Angelo Campbell,Colombia,2001,RM,1.58,73.02,Tigre,42,24,40
Alfonso Gastelum,Uruguay,1994,RM,1.81,67.78,Tigre,54,51,15
Angel Munoz,Argentina,2001,LM,1.68,67.98,Tigre,16,26,2
Frederico Nartatez,Argentina,2004,LM,1.84,75.91,Tigre,47,57,40
Giovani Floresramirez,Colombia,2002,LM,1.79,71.55,Tigre,55,51,18
Iván Espinal,Colombia,2006,SS,1.78,80.92,Tigre,0,0,0
Angel Salazar,Argentina,2000,SS,1.84,87.82,Tigre,32,49,21
Yamir Sanchezlopez,Argentina,2002,SS,1.62,74.82,Tigre,57,18,32
Teodoro Corrales,Uruguay,1994,WG,1.91,74.49,Tigre,51,62,3
Iván Partida,Argentina,1994,WG,1.84,79.11,Tigre,17,29,12
Enzo Viña,Colombia,2006,WG,1.63,63.7,Tigre,48,33,41
Rodrigo Longoria,Uruguay,1998,CF,1.84,76.96,Tigre,26,23,2
Joaquin Salgado,Argentina,2004,CF,1.66,68.08,Tigre,49,88,43
Guido Hichez,Uruguay,1997,CF,1.74,78.01,Tigre,17,13,1
Stiven Paniagua,Uruguay,2001,AM,1.71,72.42,Unión,4,5,2
Angelo Coronado,Uruguay,1995,AM,1.72,74.33,Unión,45,73,12
Alberto Medelez,Colombia,2003,AM,1.62,73.27,Unión,43,39,30
Fernando Ojeda,Colombia,2002,RM,1.8,68.62,Unión,26,9,19
Enzo Benitez,Uruguay,1994,RM,1.73,82.04,Unión,20,2
Stiven Benitez,Colombia,2003,RM,1.79,70.13,Unión,36,11,27
Diego Gutirez,Colombia,1997,LM,1.93,64.24,Unión,17,30,10
Germán Monreal,Argentina,1997,LM,1.81,79.68,Unión,14,6,8
Alfonso Soldano,Argentina,2005,LM,1.86,69.77,Unión,44,37,1
Iván Ortega,Colombia,1993,SS,1.82,75.74,Unión,1224,12
Giovani Abarquez,Colombia,2005,SS,1.78,68.55,Unión,21,35,11
Patricio di Santoro,Colombia,1993,SS,1.62,68.59,Unión,57,31,15
Iván Rodrieguez,Argentina,2005,WG,1.82,80.09,Unión,13,12,5
Rodrigo Alvarenga,Uruguay,2006,WG,1.85,63.93,Unión,53,70,49
Benicio Sampaoli,Colombia,1998,WG,1.85,67.27,Unión,37,14,32
Juan Casarez,Uruguay,2004,CF,1.63,69.13,Unión,50,10,16
Andrés Espinoza,Argentina,1993,CF,1.74,81.77,Unión,58,23,41
Germán Duenas,Colombia,1990,CF,1.95,85.61,Unión,24,27,1
José Fresquez,Uruguay,2006,AM,1.74,62.75,Vélez Sarsfield,15,0,4
Exequiel Lopezmartinez,Uruguay,1989,AM,1.71,81.93,Vélez Sarsfield,28,26,9
Andrés Alejo,Argentina,1989,AM,1.64,83.4,Vélez Sarsfield,51,9,10
Andrés Avina,Uruguay,2004,RM,1.66,79.72,Vélez Sarsfield,41,13,38
Teófilo Mora,Argentina,2004,RM,1.91,72.32,Vélez Sarsfield,37,10,25
Aldo Cavazos,Colombia,2001,RM,1.6,77.02,Vélez Sarsfield,4,8,1
Esteban Miramontez,Uruguay,1994,LM,1.7,76.06,Vélez Sarsfield,1,2,0
Agustin Plascencia,Uruguay,1997,LM,1.58,72.3,Vélez Sarsfield,35,51,8
Jarrinson Escobedo,Uruguay,1992,LM,1.72,77.98,Vélez Sarsfield,51,3,31
Juan Russell,Argentina,2004,SS,1.62,64.6,Vélez Sarsfield,45,89,35
Rocco Gimenez,Argentina,1991,SS,1.83,73.07,Vélez Sarsfield,22,40,14
Teófilo Heredia,Argentina,1996,SS,1.78,72.84,Vélez Sarsfield,50,50,10
Carlito Camacho,Colombia,1990,WG,1.89,76.14,Vélez Sarsfield,28,23,19
Iván Perezperez,Colombia,1990,WG,1.65,77.16,Vélez Sarsfield,52,5
Héctor Miguez,Colombia,1991,WG,1.82,70.45,Vélez Sarsfield,14,14,12
Jorge Ibarra,Argentina,1993,CF,1.85,68.59,Vélez Sarsfield,58,0,11
Juan Cruzrodriguez,Uruguay,1993,CF,1.78,78.57,Vélez Sarsfield,15,21,11
Hernán Luevano,Argentina,2001,CF,1.77,84.1,Vélez Sarsfield,43,57,37